neighborhood,months_observed,total_permits,avg_monthly_permits,total_construction_value,avg_monthly_construction_value,avg_permit_size,n_properties,avg_assessed_value,avg_value_missing_rate,log_total_permits,log_total_construction_value,log_avg_monthly_construction_value,log_avg_assessed_value,cluster,cluster_ranked
ABBOTTSFIELD,23,31,1.3478260869565217,55084992.0,2394999.652173913,1447179.6666666665,389.0,454548.8431876607,0.043478260869565216,3.4657359027997265,17.824387877679957,14.688894061133551,13.027062852566248,2,2
ALBANY,47,80,1.702127659574468,76388759.0,1625292.744680851,828701.7958333333,1041.0,383780.0192122959,0.14893617021276595,4.394449154672439,18.15134612289463,14.301199123367224,12.8578274064404,0,0
ALBERTA AVENUE,84,614,7.309523809523809,45000410.0,535719.1666666666,145272.34320987656,2606.0,302606.67689946276,0.03571428571428571,6.421622267806518,17.62218218102622,13.191367226608802,12.620192449807918,0,0
ALBERTA PARK INDUSTRIAL,35,50,1.4285714285714286,7157202.0,204491.48571428572,130047.81428571428,74.0,3308966.2162162163,0.0,3.9318256327243257,15.783629820158087,12.228286509116472,15.01214667939508,3,4
ALCES,27,855,31.666666666666668,192151195.0,7116710.925925926,255871.90108252686,571.0,483042.9071803853,0.037037037037037035,6.752270376141742,19.073793099259685,15.77795636856546,13.08786283363846,4,3
ALDERGROVE,62,125,2.0161290322580645,11364742.0,183302.29032258064,257698.81904761904,1630.0,370523.3128834356,0.43548387096774194,4.836281906951478,16.24602640172669,12.118897384144487,12.822674343382902,1,1
ALLARD,83,737,8.879518072289157,127874484.0,1540656.4337349397,258856.19933149623,3171.0,431443.5509303059,0.0,6.6039438246004725,18.666559754857477,14.247719788314477,12.974894278190007,0,0
ALLENDALE,82,426,5.195121951219512,36087223.0,440088.0853658537,147152.90410714288,1056.0,552366.4772727273,0.024390243902439025,6.056784013228625,17.401449454846492,12.994732452141395,13.22196882346314,0,0
AMBLESIDE,84,619,7.369047619047619,223942466.0,2665981.738095238,397122.4100010439,3889.0,460344.0473129339,0.0,6.429719478039138,19.22689973307931,14.796083304866835,13.03973159013294,0,0
ANTHONY HENDAY,3,3,1.0,647000.0,215666.66666666666,215666.66666666666,77.0,259389.6103896104,0.0,1.3862943611198906,13.380103119076898,12.281493921589341,12.46609035279072,1,1
ANTHONY HENDAY MISTATIM,3,3,1.0,10078200.0,3359400.0,3359400.0,34.0,176676.4705882353,0.0,1.3862943611198906,16.125885332457212,15.027273242237198,12.082081149263379,2,2
ANTHONY HENDAY RAMPART,5,5,1.0,1998000.0,399600.0,399600.0,37.0,307675.6756756757,0.0,1.791759469228055,14.50765773869101,12.898221828255906,12.636804756278003,1,1
ANTHONY HENDAY SOUTH,9,10,1.1111111111111112,24491942.0,2721326.888888889,1934065.7777777778,33.0,385545.45454545453,0.0,2.3978952727983707,17.01385476428673,14.816630513588487,12.862416969382888,2,2
ANTHONY HENDAY TERWILLEGAR,1,1,1.0,20000.0,20000.0,20000.0,40.0,223100.0,0.0,0.6931471805599453,9.90353755128617,9.90353755128617,12.315379862705514,1,1
ARGYLL,50,88,1.76,2417231.0,48344.62,60454.954545454544,352.0,453936.07954545453,0.34,4.48863636973214,14.698133641839632,10.786130907326054,13.02571387610925,1,1
ARMSTRONG INDUSTRIAL,39,53,1.358974358974359,35679398.0,914856.358974359,802936.7393162394,64.0,5621187.5,0.0,3.9889840465642745,17.390084021363815,13.726523440273962,15.542053676380121,3,4
ASPEN GARDENS,70,217,3.1,19861672.0,283738.17142857146,205212.80433333333,734.0,545814.0326975477,0.2857142857142857,5.384495062789089,16.80430245271108,12.55581068468328,13.210035429379007,1,1
ASTER,60,1008,16.8,204431433.0,3407190.55,213428.5392813699,920.0,521367.9347826087,0.016666666666666666,6.9167150203536085,19.13574319116262,15.041398917545802,13.164213198312634,0,0
ATHLONE,51,110,2.156862745098039,14672364.0,287693.4117647059,200549.41435185182,1210.0,341848.347107438,0.29411764705882354,4.709530201312334,16.501476350486286,12.56965412552307,12.74212541345987,1,1
AVONMORE,77,243,3.155844155844156,12005128.0,155910.75324675324,111637.58743169399,1065.0,387293.89671361505,0.2077922077922078,5.497168225293202,16.300844533102456,11.957045441856252,12.866941688843905,0,0
BALWIN,70,173,2.4714285714285715,26739842.0,381997.7428571429,204839.51785714287,1361.0,346795.0036737693,0.2,5.159055299214529,17.101665258267058,12.85317259663341,12.756492000390091,0,0
BANNERMAN,28,41,1.4642857142857142,1683131.0,60111.82142857143,92048.94444444444,1170.0,262654.7008547009,0.35714285714285715,3.7376696182833684,14.336166901469912,11.003978432688635,12.478599331285336,1,1
BARANOW,49,81,1.653061224489796,126258808.0,2576710.3673469387,1402690.71875,1436.0,329976.32311977714,0.02040816326530612,4.406719247264253,18.653844397943057,14.762024480003854,12.706779213262628,2,2
BATURYN,55,104,1.8909090909090909,1429124.0,25984.072727272727,35755.137254901965,1672.0,336847.4880382775,0.38181818181818183,4.653960350157523,14.172572926844271,10.165277526256125,12.727388517847569,1,1
BEACON HEIGHTS,78,207,2.6538461538461537,20592769.0,264009.858974359,145385.25385154062,1236.0,314780.33980582526,0.1282051282051282,5.337538079701318,16.840450601281333,12.483745513761168,12.659633517421032,0,0
BEARSPAW,57,91,1.5964912280701755,1627090.0,28545.43859649123,42569.41919191919,869.0,450760.64441887225,0.42105263157894735,4.5217885770490405,14.302304315798732,10.259287464623323,13.018693974162552,1,1
BEAUMARIS,51,77,1.5098039215686274,5013212.0,98298.27450980392,130917.4857142857,1775.0,381287.04225352115,0.3137254901960784,4.356708826689592,15.427587584870215,11.495771925739803,12.851310384885826,1,1
BELGRAVIA,81,450,5.555555555555555,50112024.0,618666.9629629629,245278.98333333334,1235.0,640371.2550607288,0.1111111111111111,6.111467339502679,17.729771557214992,13.335323998964492,13.369804934776301,0,0
BELLE RIVE,52,91,1.75,12600013.0,242307.9423076923,186312.97685185185,1318.0,448989.37784522003,0.3076923076923077,4.5217885770490405,16.3492084830322,12.397968812057131,13.014756736305943,1,1
BELLEVUE,58,98,1.6896551724137931,3747984.0,64620.41379310345,76224.75416666667,485.0,397180.41237113404,0.3103448275862069,4.59511985013459,15.13672892019797,11.076301117707764,12.892148413409451,1,1
BELMEAD,55,98,1.7818181818181817,1258701.0,22885.47272727273,34118.052083333336,1378.0,390448.47605224967,0.41818181818181815,4.59511985013459,14.045591589219304,10.038301304404643,12.875053857182506,1,1
BELMONT,63,119,1.8888888888888888,4281635.0,67962.46031746031,71366.09009009009,1958.0,303574.56588355463,0.4126984126984127,4.787491742782046,15.269845737512393,11.12672549146228,12.623385839985355,1,1
BELVEDERE,72,194,2.6944444444444446,74466900.0,1034262.5,466941.5176470588,2065.0,341253.7530266344,0.05555555555555555,5.272999558563747,18.125865302748156,13.84920013717538,12.740384553667486,0,0
BERGMAN,50,97,1.94,7202595.0,144051.9,110410.23604269294,653.0,322787.13629402756,0.42,4.584967478670572,15.789952074557306,11.877935872208678,12.684751462205725,1,1
BEVERLY HEIGHTS,77,225,2.9220779220779223,10115312.0,131367.6883116883,70774.60555555555,1343.0,371231.1988086374,0.22077922077922077,5.420534999272286,16.129560972247585,11.785763063726854,12.824583018612437,1,1
BISSET,47,91,1.9361702127659575,3788554.0,80607.53191489361,70891.66666666666,1020.0,411914.70588235295,0.2765957446808511,4.5217885770490405,15.147495237867297,11.297359777915966,12.928574010025836,1,1
BLACKBURNE,36,65,1.8055555555555556,1005850.0,27940.277777777777,26676.639621365786,674.0,418484.4213649852,0.19444444444444445,4.189654742026425,13.821344507340248,10.237860364684984,12.944397332856834,1,1
BLACKMUD CREEK,57,110,1.9298245614035088,3031399.0,53182.43859649123,66983.31770833333,1339.0,414508.21508588496,0.43859649122807015,4.709530201312334,14.924535116979694,10.881502322287174,12.934850485121908,1,1
BLACKMUD CREEK RAVINE,1,1,1.0,0.0,0.0,,28.0,319732.14285714284,1.0,0.6931471805599453,0.0,0.0,12.675241998292613,1,1
BLATCHFORD AREA,73,383,5.2465753424657535,151023130.0,2068810.0,632758.266462585,279.0,1356240.1433691757,0.0410958904109589,5.950642552587727,18.832943568477972,14.542484604077629,14.120227566014876,0,0
BLUE QUILL,47,89,1.8936170212765957,10154440.0,216051.914893617,155372.52631578947,1179.0,463488.12553011026,0.19148936170212766,4.499809670330265,16.133421704706507,12.283278633023832,13.046538202073359,1,1
BLUE QUILL ESTATES,35,50,1.4285714285714286,1710656.0,48875.885714285716,78801.175,371.0,635532.3450134771,0.42857142857142855,3.9318256327243257,14.352388065215195,10.797059878932863,13.362219838751995,1,1
BONAVENTURE INDUSTRIAL,46,70,1.5217391304347827,16167311.0,351463.2826086957,247485.25724637683,161.0,2848583.850931677,0.0,4.2626798770413155,16.598501983968692,12.769863370869771,14.862332885393524,3,4
BONNIE DOON,84,615,7.321428571428571,71409673.0,850115.1547619047,214031.92382864794,1997.0,569598.3975963946,0.011904761904761904,6.423246963533519,18.083943908327925,13.65312827179144,13.252688581488744,0,0
BOYLE STREET,70,176,2.5142857142857142,164289586.0,2346994.0857142857,780389.8233333334,2058.0,547153.3041788144,0.0,5.176149732573829,18.917141203031896,14.668646380972547,13.212486133358304,0,0
BRANDER GARDENS,55,94,1.709090909090909,9567299.0,173950.8909090909,131673.39795918367,966.0,427482.9192546584,0.10909090909090909,4.553876891600541,16.07386159196107,12.066534050938314,12.965671950872885,1,1
BRECKENRIDGE GREENS,40,60,1.5,3315360.0,82884.0,149409.54545454544,1127.0,260776.39751552796,0.45,4.110873864173311,15.014077074617234,11.325209383858967,12.471422439310855,1,1
BRINTNELL,82,259,3.158536585365854,5136182.0,62636.365853658535,36675.94153846154,1885.0,495250.3978779841,0.2073170731707317,5.560681631015528,15.451820754558293,11.045117277635809,13.1128207871272,1,1
BRITANNIA YOUNGSTOWN,80,322,4.025,36672629.0,458407.8625,178725.62337662338,1585.0,437867.1924290221,0.0375,5.777652323222656,17.417541258228358,13.03551677774726,12.98967321354256,0,0
BROOKSIDE,73,167,2.287671232876712,11306323.0,154881.13698630137,120541.07049180327,656.0,693641.768292683,0.1643835616438356,5.123963979403259,16.240872773156838,11.950419700105696,13.449712363869118,1,1
BROWN INDUSTRIAL,9,12,1.3333333333333333,10023229.0,1113692.111111111,470169.59259259264,14.0,4907892.857142857,0.0,2.5649493574615367,16.12041595696511,13.92319217777448,15.406355458080073,3,4
BULYEA HEIGHTS,68,171,2.514705882352941,3788466.0,55712.73529411765,45715.51270148292,1353.0,615285.2919438286,0.3088235294117647,5.147494476813453,15.147472009744162,10.927981989665366,13.329842953825816,1,1
CAERNARVON,55,90,1.6363636363636365,1347856.0,24506.47272727273,28688.738738738735,1503.0,326529.6074517631,0.32727272727272727,4.51085950651685,14.114026481741128,10.106733359303384,12.696278967414454,1,1
CALDER,78,322,4.128205128205129,37006912.0,474447.58974358975,174716.53053221287,1531.0,318556.8256041803,0.1282051282051282,5.777652323222656,17.42661529099432,13.069908544994894,12.67155929357213,0,0
CALGARY TRAIL NORTH,72,149,2.0694444444444446,84117882.0,1168303.9166666667,498307.9791666667,148.0,2213736.4864864866,0.0,5.0106352940962555,18.24772974205318,13.971064467090347,14.610192815431464,3,4
CALGARY TRAIL SOUTH,54,83,1.537037037037037,29568129.0,547557.9444444445,366363.39814814815,83.0,4366710.843373494,0.0,4.430816798843313,17.202207650058906,13.213225395963498,15.289520845260476,3,4
CALLAGHAN,61,119,1.9508196721311475,46572270.0,763479.8360655737,688153.9711538461,1173.0,595633.8448422847,0.14754098360655737,4.787491742782046,17.656515879069122,13.545643303215233,13.297383081845462,0,0
CALLINGWOOD NORTH,22,23,1.0454545454545454,6448600.0,293118.1818181818,425673.3333333333,1021.0,235788.93241919688,0.3181818181818182,3.1780538303479458,15.67937376602111,12.588334569177782,12.37069657075068,1,1
CALLINGWOOD SOUTH,40,69,1.725,18839359.0,470983.975,268832.67916666664,1683.0,364330.95662507426,0.0,4.248495242049359,16.75145885625948,13.062581472277419,12.805820699778232,0,0
CAMERON HEIGHTS,75,202,2.6933333333333334,91472025.0,1219627.0,552540.5860805861,831.0,923058.3634175692,0.13333333333333333,5.313205979041787,18.331543756725836,14.014056452179696,13.735448827145499,0,0
CANON RIDGE,39,47,1.205128205128205,54194225.0,1389595.5128205128,1875660.5654761905,1651.0,153831.61720169595,0.28205128205128205,3.871201010907891,17.80808492936969,14.14452398442151,11.943620389002518,2,2
CANORA,69,209,3.028985507246377,28518317.0,413308.94202898553,212081.4028968254,1279.0,332180.60985144647,0.13043478260869565,5.3471075307174685,17.166057175614124,12.931953055446373,12.713437115963862,0,0
CANOSSA,54,93,1.7222222222222223,851014.0,15759.518518518518,23935.59375,1053.0,444605.8879392213,0.4074074074074074,4.543294782270004,13.654185033722143,9.665263263791873,13.00494577283312,1,1
CAPILANO,77,299,3.883116883116883,13741806.0,178465.01298701297,109879.921875,1231.0,476006.4987814785,0.16883116883116883,5.703782474656201,16.43595334993953,12.092153458638695,13.073188886832071,0,0
CARLETON SQUARE INDUSTRIAL,13,13,1.0,1245000.0,95769.23076923077,95769.23076923077,63.0,1725817.4603174604,0.0,2.6390573296152584,14.034646891093473,11.469707172131962,14.36121196567167,3,4
CARLISLE,46,70,1.5217391304347827,5121386.0,111334.47826086957,149972.80808080806,1129.0,355217.44906997343,0.2826086956521739,4.2626798770413155,15.448935858766834,11.620303248921338,12.78048822870057,1,1
CARLTON,74,208,2.810810810810811,4476822.0,60497.59459459459,31814.446969696968,1814.0,459175.8544652701,0.10810810810810811,5.342334251964811,15.314424201038387,11.010375413907704,13.037190718678122,0,0
CARTER CREST,33,54,1.6363636363636365,1149445.0,34831.666666666664,34706.041666666664,639.0,560302.8169014085,0.2727272727272727,4.007333185232471,13.954790645135423,10.458310922779765,13.236234445776127,1,1
CASHMAN,26,32,1.2307692307692308,65935841.0,2535993.8846153845,2458112.4743589745,27.0,5233462.962962963,0.0,3.4965075614664802,18.004192736294822,14.746096577429721,15.47058394241463,2,2
CASSELMAN,34,44,1.2941176470588236,1297745.0,38168.970588235294,47857.04861111112,1281.0,277412.9586260734,0.29411764705882354,3.8066624897703196,14.076139471426972,10.549804375192354,12.533266105085254,1,1
CAVANAGH,84,1319,15.702380952380953,285968363.0,3404385.273809524,273685.45297130756,1296.0,515029.3209876543,0.0,7.1853870155804165,19.471391747281178,15.040575238679718,13.15198105361695,0,0
CENTRAL MCDOUGALL,80,238,2.975,34937124.0,436714.05,144676.79906570222,1394.0,766984.9354375897,0.0125,5.476463551931511,17.369060575369396,12.987036201897906,13.550223743072518,0,0
CHAMBERY,58,106,1.8275862068965518,47145211.0,812848.4655172414,406377.2027027027,796.0,680809.6733668342,0.3620689655172414,4.672828834461906,17.6687430136371,13.60830121212047,13.431039533801771,1,1
CHAPPELLE,84,3792,45.142857142857146,703776735.0,8378294.464285715,240948.57834539836,1.0,4716000.0,0.0,8.2409125416889,20.37197172746031,15.941155046552117,15.36647175268348,4,3
CHARLESWORTH,84,1420,16.904761904761905,364853545.0,4343494.583333333,326971.5618409238,3054.0,492731.99083169614,0.0,7.259116128097101,19.7150065871913,15.2841900158365,13.107722705559098,4,3
CLAREVIEW TOWN CENTRE,57,134,2.3508771929824563,221296793.0,3882399.8771929825,2468021.774047619,2439.0,251388.88888888888,0.12280701754385964,4.90527477843843,19.215015317794784,15.171964303014025,12.434760355112639,2,2
CLOVER BAR AREA,61,124,2.0327868852459017,87006945.0,1426343.3606557378,705364.6103825137,294.0,2378463.0816326533,0.0,4.8283137373023015,18.281498512512346,14.170625337938914,14.681965493471855,3,4
CLOVERDALE,54,94,1.7407407407407407,27150231.0,502782.05555555556,533502.3611111111,879.0,278266.2116040956,0.2222222222222222,4.553876891600541,17.116896149427415,13.127914054962417,12.536337123843243,1,1
CORONET ADDITION INDUSTRIAL,24,29,1.2083333333333333,2691292.0,112137.16666666667,98794.2777777778,107.0,1483691.5887850467,0.0,3.4011973816621555,14.805532305238595,11.62748702093217,14.210044530836463,3,4
CORONET INDUSTRIAL,48,86,1.7916666666666667,23028569.0,479761.8541666667,268232.99131944444,464.0,1192380.3879310344,0.0,4.465908118654584,16.952246176946748,13.081047206979829,13.991463031750307,3,4
CPR IRVINE,26,39,1.5,7256073.0,279079.73076923075,141493.17948717947,80.0,1761675.0,0.0,3.6888794541139363,15.797349469181556,12.539256376543477,14.381776186617577,3,4
CRAWFORD PLAINS,59,125,2.1186440677966103,4654416.0,78888.40677966102,60909.22727272727,1405.0,368912.0996441281,0.2542372881355932,4.836281906951478,15.353327219174293,11.275802236472336,12.818316392968203,1,1
CRESTWOOD,83,394,4.746987951807229,44908753.0,541069.313253012,215251.95717592593,999.0,942235.2352352352,0.13253012048192772,5.978885764901122,17.620143300301393,13.201304518427758,13.756011302622822,0,0
CROMDALE,48,73,1.5208333333333333,6822392.0,142133.16666666666,142635.3238095238,913.0,275332.42059145676,0.2708333333333333,4.30406509320417,15.735720848041131,11.864526726187874,12.52573808075308,1,1
CROSSROADS,24,33,1.375,85871707.0,3577987.7916666665,2393265.5694444445,21.0,99452.38095238095,0.0,3.5263605246161616,18.268364972983054,15.09031141047649,11.507444280208835,2,2
CRYSTALLINA NERA EAST,60,905,15.083333333333334,180643231.0,3010720.5166666666,280710.31417999254,703.0,429143.66998577525,0.016666666666666666,6.80903930604298,19.012034550145337,14.917690314533814,12.96954936713629,0,0
CRYSTALLINA NERA WEST,83,636,7.662650602409639,99335311.0,1196810.9759036144,182675.62120858443,1597.0,458160.61365059484,0.024096385542168676,6.456769655572163,18.414011675066266,13.99517189275624,13.03497726908571,0,0
CUMBERLAND,74,187,2.527027027027027,5452067.0,73676.58108108108,56038.21551724138,2283.0,393506.35129215947,0.21621621621621623,5.236441962829949,15.51150554420794,11.207453840328938,12.8828550284749,1,1
CY BECKER,84,1231,14.654761904761905,190707376.0,2270325.904761905,194668.63162688387,1445.0,489770.5882352941,0.0,7.116394144093465,19.066250753618988,14.635434389997338,13.10169441494819,0,0
DALY GROVE,56,94,1.6785714285714286,4835248.0,86343.71428571429,98848.21759259258,1109.0,381183.4986474301,0.35714285714285715,4.553876891600541,15.391443185026416,11.366102869028575,12.851038785316861,1,1
DAVIES INDUSTRIAL EAST,44,67,1.5227272727272727,30331915.0,689361.7045454546,591896.4886363636,171.0,2848739.7660818715,0.0,4.219507705176107,17.22771104944663,13.44352283317602,14.86238761814384,3,4
DAVIES INDUSTRIAL WEST,44,60,1.3636363636363635,32237293.0,732665.75,658703.962121212,195.0,1723815.3846153845,0.0,4.110873864173311,17.28863453907765,13.504446239017351,14.360051219090156,3,4
DECHENE,39,52,1.3333333333333333,2945720.0,75531.28205128205,104746.59615384616,607.0,533519.7693574958,0.3333333333333333,3.970291913552122,14.895864166835624,11.23231542069036,13.187253279345738,1,1
DECOTEAU,7,8,1.1428571428571428,619500.0,88500.0,309750.0,90.0,823311.1111111111,0.7142857142857143,2.1972245773362196,13.336669594255035,11.390769130367211,13.621090643625436,1,1
DELTON,60,142,2.3666666666666667,10693294.0,178221.56666666668,142970.71014492755,772.0,306457.9015544041,0.23333333333333334,4.962844630259907,16.185127467500024,12.09078842273884,12.632838935822422,1,1
DELWOOD,69,143,2.072463768115942,6804276.0,98612.69565217392,65266.08333333333,1420.0,319225.3521126761,0.14492753623188406,4.969813299576001,15.733061943015471,11.498965432082523,12.673655697894143,1,1
DESROCHERS AREA,84,1149,13.678571428571429,268177563.0,3192590.035714286,273863.0922502205,1313.0,519905.5597867479,0.011904761904761904,7.047517221357296,19.407159871323103,14.976343381976175,13.161404381693147,0,0
DOMINION INDUSTRIAL,39,56,1.435897435897436,9189155.0,235619.35897435897,154622.99145299144,138.0,2469753.6231884058,0.0,4.04305126783455,16.033534651159027,12.369977140329885,14.71962936083063,3,4
DONSDALE,44,64,1.4545454545454546,6277619.0,142673.1590909091,163600.1379310345,631.0,811231.3787638668,0.3409090909090909,4.174387269895637,15.652501485721254,11.868318701509208,13.606309825672225,1,1
DOVERCOURT,69,168,2.4347826086956523,7557857.0,109534.15942028986,72836.31395348837,818.0,374545.8435207824,0.37681159420289856,5.1298987149230735,15.83809837467591,11.604000867296394,12.833472156949735,1,1
DOWNTOWN,84,1565,18.63095238095238,1631216758.0,19419247.11904762,1071573.0388359088,10307.0,687700.0097021442,0.0,7.356279876550748,21.21259205120313,16.781775303242078,13.441109443537393,4,3
DUGGAN,65,141,2.169230769230769,4727351.0,72728.47692307692,59009.42753623188,1240.0,491479.8387096774,0.2923076923076923,4.955827057601261,15.368875772837498,11.194502041084732,13.105178232478133,1,1
DUNLUCE,62,139,2.2419354838709675,39028301.0,629488.7258064516,850621.0740740742,1988.0,348292.7565392354,0.27419354838709675,4.941642422609304,17.47979763321427,13.352664811136288,12.76080153066726,0,0
EASTGATE BUSINESS PARK,48,109,2.2708333333333335,34574867.0,720309.7291666666,295488.68303571426,111.0,3173617.117117117,0.0,4.700480365792417,17.35863761772039,13.487437966180467,14.970382856861802,3,4
EASTWOOD,78,249,3.1923076923076925,23093895.0,296075.57692307694,172894.02994791666,1312.0,357365.4725609756,0.1794871794871795,5.521460917862246,16.955078898149598,12.598373405668823,12.786517068020517,0,0
EAUX CLAIRES,61,129,2.1147540983606556,28310629.0,464108.6721311475,197781.54078014183,2041.0,336627.63351298386,0.22950819672131148,4.867534450455582,17.158747910461102,13.047876165630823,12.726735624004354,0,0
EBBERS,71,209,2.943661971830986,44688048.0,629409.1267605633,320695.87942658435,782.0,334358.6956521739,0.14084507042253522,5.3471075307174685,17.615216663657723,13.352538353029502,12.719972625572739,0,0
EDGEMONT,84,2899,34.51190476190476,599473786.0,7136592.69047619,273102.6159476359,3447.0,502705.8311575283,0.0,7.9724660159745655,20.211562806705246,15.780746146316684,13.127762438523147,4,3
EDMISTON INDUSTRIAL,31,43,1.3870967741935485,10052248.0,324266.06451612903,250670.2741935484,84.0,4316738.095238095,0.0,3.784189633918261,16.123306948528633,12.689322728445806,15.278010836120584,3,4
EDMONTON ENERGY AND TECHNOLOGY PARK,11,13,1.1818181818181819,6652500.0,604772.7272727273,1256500.0,223.0,450123.31838565023,0.5454545454545454,2.6390573296152584,15.710503432153399,13.31260966254796,13.017279086672108,1,1
EDMONTON NORTHLANDS,25,31,1.24,44687899.0,1787515.96,1495355.96,86.0,175976.7441860465,0.0,3.4657359027997265,17.61521332942739,14.396338041617176,12.078112812536,2,2
EDMONTON SOUTH CENTRAL,8,8,1.0,320282.0,40035.25,64056.4,231.0,1765489.1774891776,0.375,2.1972245773362196,12.676960258946748,10.59754057269947,14.383938930749249,1,1
EDMONTON SOUTH CENTRAL EAST,3,3,1.0,22377451.0,7459150.333333333,7459150.333333333,24.0,565583.3333333334,0.0,1.3862943611198906,16.9235644027132,15.824952203420766,13.245614693982379,2,2
EDMONTON SOUTH EAST,9,9,1.0,578920.0,64324.444444444445,144730.0,101.0,533470.2970297029,0.5555555555555556,2.302585092994046,13.268921305104433,11.071710546483937,13.187160547020191,1,1
EDMONTON SOUTH WEST,6,7,1.1666666666666667,618700.0,103116.66666666667,154675.0,94.0,357632.97872340423,0.3333333333333333,2.0794415416798357,13.33537739781,11.543626009997356,12.787265336568963,1,1
EKOTA,37,47,1.2702702702702702,1383675.0,37396.62162162162,45643.51851851852,726.0,396496.5564738292,0.2702702702702703,3.871201010907891,14.140254283706879,10.529362388375732,12.890425157298653,1,1
ELLERSLIE,74,217,2.9324324324324325,30006807.0,405497.3918918919,165426.82201405155,2425.0,336624.94845360826,0.17567567567567569,5.384495062789089,17.21693484721429,12.912872186788414,12.726727647647571,0,0
ELLERSLIE INDUSTRIAL,79,275,3.481012658227848,103668905.0,1312264.6202531646,374612.77561784204,497.0,1940613.6820925553,0.0,5.62040086571715,18.456712782528268,14.087265682456286,14.47851532729374,3,4
ELMWOOD,56,97,1.7321428571428572,48862148.0,872538.3571428572,588906.6201550387,822.0,407083.9416058394,0.23214285714285715,4.584967478670572,17.704513605634677,13.67916304051455,12.916777144383804,1,1
ELMWOOD PARK,41,65,1.5853658536585367,13602998.0,331780.43902439025,393745.9603174603,436.0,307181.19266055047,0.4878048780487805,4.189654742026425,16.42580084110237,12.712231714921778,12.635196311975756,1,1
ELSINORE,61,180,2.9508196721311477,41328767.0,677520.7704918033,408169.5679012346,959.0,483808.65484880086,0.11475409836065574,5.198497031265826,17.537069377188068,13.426196964786959,13.08944683324005,0,0
EMPIRE PARK,74,168,2.27027027027027,94710168.0,1279867.1351351351,535635.5600130463,1301.0,645294.0046118371,0.013513513513513514,5.1298987149230735,18.36633193359516,14.062267611163259,13.37746286270667,0,0
ERMINESKIN,61,123,2.0163934426229506,205376543.0,3366828.573770492,1844766.705357143,2896.0,360770.5455801105,0.08196721311475409,4.820281565605037,19.140355652248406,15.029482080221365,12.796000199260476,2,2
EVANSDALE,53,96,1.8113207547169812,3509910.0,66224.71698113208,49694.05994152047,1641.0,339850.7007921999,0.2830188679245283,4.574710978503383,15.07110123899522,11.100824140523825,12.736264627300146,1,1
EVERGREEN,24,27,1.125,73100.0,3045.8333333333335,5221.428571428572,656.0,117283.53658536586,0.4166666666666667,3.332204510175204,11.199597325534862,8.02185807887903,11.67235819803476,1,1
FALCONER HEIGHTS,42,67,1.5952380952380953,3874789.0,92256.88095238095,92786.42528735632,696.0,613224.856321839,0.30952380952380953,4.219507705176107,15.170002025752673,11.43234298863192,13.326488591303871,1,1
FOREST HEIGHTS,83,485,5.843373493975903,32613916.0,392938.7469879518,147393.1975297619,1696.0,534892.983490566,0.03614457831325301,6.186208623900494,17.300249657080762,12.881411563545083,13.189823844541642,0,0
FRASER,84,460,5.476190476190476,96869745.0,1153211.25,233913.22631145956,1695.0,392521.5339233038,0.023809523809523808,6.133398042996649,18.388877809328314,13.958061867305295,12.8803492258262,0,0
FULTON PLACE,81,238,2.9382716049382718,8051452.0,99400.64197530864,70641.27638888889,976.0,417253.5860655738,0.25925925925925924,5.476463551931511,15.90136313000155,11.506923911374514,12.941451832633419,1,1
GAGNON ESTATE INDUSTRIAL,16,18,1.125,5612049.0,350753.0625,285007.9375,32.0,4477656.25,0.0,2.9444389791664403,15.540426629644486,12.767840580221225,15.314610532344977,3,4
GAINER INDUSTRIAL,7,9,1.2857142857142858,764886.0,109269.42857142857,76706.21428571429,14.0,4077500.0,0.0,2.302585092994046,13.547483389479819,11.601581084689693,15.22099485872559,3,4
GARIEPY,51,79,1.5490196078431373,3307871.0,64860.21568627451,64001.59462365592,770.0,479709.0909090909,0.39215686274509803,4.382026634673881,15.011815640302114,11.080005122921465,13.080937223143598,1,1
GARNEAU,83,428,5.156626506024097,293257246.0,3533219.8313253014,828457.102919851,3436.0,514139.115250291,0.024096385542168676,6.061456918928017,19.496560757894976,15.077720429716324,13.150251105052496,0,0
GARSIDE INDUSTRIAL,35,44,1.2571428571428571,7197765.0,205650.42857142858,134344.7619047619,160.0,1447175.0,0.0,3.8066624897703196,15.789281258062397,12.233937920249705,14.185124629177784,3,4
GIRARD INDUSTRIAL,27,29,1.0740740740740742,9398072.0,348076.74074074073,345113.77777777775,97.0,1520381.4432989692,0.0,3.4011973816621555,16.05601522622486,12.760181126741289,14.23447246860815,3,4
GLASTONBURY,80,351,4.3875,88669146.0,1108364.325,270152.4584019267,3024.0,391362.7645502646,0.1125,5.863631175598097,18.30042255137082,13.91839680764906,12.877392750583967,0,0
GLENGARRY,68,138,2.0294117647058822,16151579.0,237523.2205882353,173711.43055555556,1218.0,377504.51559934317,0.11764705882352941,4.9344739331306915,16.59752843566496,12.378024878681229,12.841340458423666,0,0
GLENORA,83,668,8.048192771084338,103941608.0,1252308.530120482,304868.15252792474,1561.0,809237.9884689301,0.024096385542168676,6.505784060128229,18.45933984750942,14.04050002861698,13.603849564613961,0,0
GLENRIDDING HEIGHTS,83,638,7.686746987951807,199225491.0,2400307.120481928,420588.0046518183,1866.0,494543.9442658092,0.012048192771084338,6.459904454377535,19.10994786681462,14.69110767061185,13.111393314217763,0,0
GLENRIDDING RAVINE,84,2339,27.845238095238095,509299419.0,6063088.321428572,263250.2021167109,1742.0,607524.3972445464,0.0,7.757906208351747,20.048546653036198,15.617730017161838,13.31714925948685,4,3
GLENWOOD,83,434,5.228915662650603,87590587.0,1055308.2771084337,318870.3875763126,2410.0,351628.6307053942,0.060240963855421686,6.075346031088684,18.28818410721184,13.869344435588449,12.770333715148439,0,0
GOLD BAR,68,173,2.5441176470588234,5980566.0,87949.5,67377.46130952382,987.0,439621.58054711245,0.17647058823529413,5.159055299214529,15.604025937485568,11.384529435197868,12.99367186631414,1,1
GOODRIDGE CORNERS,6,6,1.0,13308428.0,2218071.3333333335,2218071.3333333335,16.0,2281218.75,0.0,1.9459101490553132,16.4039081518498,14.61214905832342,14.640220835951048,2,2
GORMAN,48,140,2.9166666666666665,72620964.0,1512936.75,787763.3511160715,154.0,1747103.8961038962,0.0,4.948759890378168,18.100764212212493,14.229563848500417,14.373470630876271,3,4
GRANDVIEW HEIGHTS,74,160,2.1621621621621623,18764768.0,253577.94594594595,212607.75,397.0,979697.7329974811,0.24324324324324326,5.081404364984463,16.74749168032361,12.443430477380918,13.79500038807629,1,1
GRANVILLE,79,337,4.265822784810126,55333591.0,700425.2025316455,167529.4040507112,1260.0,510644.44444444444,0.02531645569620253,5.823045895483019,17.828890732340575,13.459444289504527,13.143430781874597,0,0
GRAYDON HILL,80,380,4.75,45302412.0,566280.15,152490.79596640338,509.0,483951.8664047151,0.2,5.942799375126701,17.62887085614279,13.246845965303857,13.08974279749536,0,0
GREENFIELD,74,227,3.0675675675675675,5054745.0,68307.36486486487,43316.04098360656,1449.0,490050.72463768115,0.17567567567567569,5.429345628954441,15.43583816189435,11.131787510458942,13.102266225000758,1,1
GREENVIEW,54,91,1.6851851851851851,2560853.0,47423.2037037037,61681.83783783784,1024.0,404374.0234375,0.3148148148148148,4.5217885770490405,14.755851354575722,10.766888004018153,12.910098002197115,1,1
GRIESBACH,84,1101,13.107142857142858,556267362.0,6622230.5,678792.5148737894,2946.0,550726.5784114053,0.0,7.004881989712859,20.136759605339588,15.705942955705089,13.21899555282617,0,0
GROVENOR,84,499,5.940476190476191,57231015.0,681321.6071428572,240128.99996947497,1157.0,488855.66119273985,0.07142857142857142,6.214608098422191,17.862606547154492,13.43179119857269,13.099824599091855,0,0
HADDOW,75,171,2.28,5024961.0,66999.48,60943.29022988506,1822.0,462849.3413830955,0.22666666666666666,5.147494476813453,15.429928449691765,11.112455062526545,13.045159044062538,1,1
HAGMANN ESTATE INDUSTRIAL,25,38,1.52,4533020.0,181320.8,173181.6231884058,142.0,935549.2957746478,0.08,3.6635616461296463,15.326899162605836,12.108028632206041,13.74889018677288,3,4
HAIRSINE,36,47,1.3055555555555556,3673066.0,102029.61111111111,124333.30952380954,842.0,265966.7458432304,0.2222222222222222,3.871201010907891,15.116537565855147,11.533028156175192,12.491130324183247,1,1
HAWIN PARK ESTATE INDUSTRIAL,14,14,1.0,5794666.0,413904.71428571426,413904.71428571426,44.0,3746965.909090909,0.0,2.70805020110221,15.572448569774451,12.933393483598794,15.136457246429359,3,4
HAWKS RIDGE,82,432,5.2682926829268295,102043808.0,1244436.6829268292,278464.35526289686,569.0,540224.0773286468,0.024390243902439025,6.07073772800249,18.44091277903982,14.034194325551974,13.199741141567218,0,0
HAYS RIDGE AREA,83,419,5.048192771084337,218910197.0,2637472.253012048,897188.4185024851,477.0,1088526.2054507337,0.024096385542168676,6.040254711277414,19.204172148890798,14.785331915676952,13.900336152868277,0,0
HAZELDEAN,83,442,5.325301204819277,28006038.0,337422.1445783133,140329.90084388186,1141.0,541817.2655565294,0.04819277108433735,6.093569770045136,17.147930723455627,12.729093043594677,13.202685920793792,0,0
HENDERSON ESTATES,45,56,1.2444444444444445,1441372.0,32030.48888888889,43568.23456790123,634.0,752916.4037854889,0.4,4.04305126783455,14.181106689508496,10.374474725721688,13.531710811237792,1,1
HERITAGE VALLEY AREA,2,2,1.0,0.0,0.0,,3.0,13958166.666666666,1.0,1.0986122886681098,0.0,0.0,16.451575390714247,1,1
HIGH PARK,75,232,3.0933333333333333,27798095.0,370641.26666666666,207709.50706214688,683.0,399759.8828696925,0.21333333333333335,5.4510384535657,17.14047808710674,12.82299263561971,12.898621854514978,0,0
HIGH PARK INDUSTRIAL,20,32,1.6,5919347.0,295967.35,210394.98333333334,62.0,2274379.0322580645,0.0,3.4965075614664802,15.593736865659734,12.598007801913564,14.637218059935535,3,4
HIGHLANDS,81,374,4.617283950617284,53482932.0,660283.1111111111,327862.5434362935,1226.0,495075.04078303423,0.08641975308641975,5.926926025970411,17.794873151626135,13.400425492756856,13.112466647496333,0,0
HILLVIEW,59,112,1.8983050847457628,3258851.0,55234.76271186441,60426.9,1138.0,397264.0597539543,0.3220338983050847,4.727387818712341,14.996885544085227,10.919365897699578,12.892358993696643,1,1
HODGSON,52,88,1.6923076923076923,3204339.0,61621.903846153844,70016.58974358975,1458.0,408349.1083676269,0.25,4.48863636973214,14.980016698893648,11.028788896099604,12.919880194165662,1,1
HOLLICK-KENYON,77,167,2.168831168831169,9048719.0,117515.83116883117,117597.14329004328,2029.0,450558.15672745195,0.2857142857142857,5.123963979403259,16.018133869208942,11.674336846297962,13.018244660900127,1,1
HOLYROOD,83,450,5.421686746987952,143601408.0,1730137.4457831325,596142.6823870575,1162.0,639797.7624784854,0.060240963855421686,6.111467339502679,18.782552026507975,14.363711989736254,13.36890897226387,0,0
HOMESTEADER,50,81,1.62,4907825.0,98156.5,80760.1574074074,1054.0,396405.59772296017,0.28,4.406719247264253,15.406341631861752,11.494328610437805,12.890195725403798,1,1
HUDSON,45,79,1.7555555555555555,3096580.0,68812.88888888889,58891.333333333336,913.0,435058.5980284776,0.3333333333333333,4.382026634673881,14.945809157584247,11.139160876932758,12.983238307648241,1,1
HUFF BREMNER ESTATE INDUSTRIAL,55,82,1.490909090909091,24967728.0,453958.6909090909,257939.5787878788,136.0,2601808.8235294116,0.0,4.418840607796598,17.033094708980865,13.025763686537873,14.771717846809088,3,4
IDYLWYLDE,74,210,2.8378378378378377,21261318.0,287315.1081081081,180821.59800838574,832.0,400611.7788461539,0.28378378378378377,5.351858133476067,16.872399970345874,12.568338310601062,12.90075060097157,1,1
INDUSTRIAL HEIGHTS,17,20,1.1764705882352942,1909200.0,112305.88235294117,98657.14285714286,115.0,1319786.956521739,0.17647058823529413,3.044522437723423,14.462195387893335,11.62899042427111,14.092981642660044,1,1
INGLEWOOD,84,619,7.369047619047619,130051336.0,1548230.1904761905,352869.6161343399,1760.0,551133.5227272727,0.023809523809523808,6.429719478039138,18.683439830467375,14.252623669833365,13.219734201217742,0,0
JACKSON HEIGHTS,65,128,1.9692307692307693,4194949.0,64537.67692307692,49111.92857142857,1286.0,488167.5738724728,0.35384615384615387,4.859812404361672,15.24939197886128,11.075019965288554,13.098416063448488,1,1
JAMIESON PLACE,65,117,1.8,1329542.0,20454.492307692308,31633.950980392154,1421.0,439167.1358198452,0.47692307692307695,4.770684624465665,14.100345832128273,9.926006697915101,12.992637616044279,1,1
JASPER PARK,63,169,2.6825396825396823,37841546.0,600659.4603174604,424787.0184027778,772.0,379410.62176165805,0.23809523809523808,5.135798437050262,17.448918183976126,13.30578509599407,12.84637696796345,0,0
KAMEYOSEK,41,70,1.7073170731707317,122773492.0,2994475.4146341463,1159981.8547008545,968.0,369729.3388429752,0.04878048780487805,4.2626798770413155,18.625851695328404,14.912279954427266,12.820529204968512,2,2
KEHEEWIN,50,89,1.78,34827384.0,696547.68,287374.6225319396,1242.0,399690.8212560387,0.18,4.499809670330265,17.365914560568694,13.45389296207838,12.898449082283502,0,0
KENILWORTH,71,183,2.5774647887323945,5370364.0,75638.92957746479,51681.77575757576,1082.0,451581.7929759704,0.22535211267605634,5.214935757608986,15.49640643438002,11.233739591749549,13.020514008175597,1,1
KENNEDALE INDUSTRIAL,43,67,1.558139534883721,14153370.0,329148.1395348837,259942.3643410853,239.0,950575.3138075314,0.0,4.219507705176107,16.465463386896044,12.704266238689002,13.764823725754546,3,4
KENSINGTON,72,162,2.25,13289059.0,184570.26388888888,170529.65497076025,1481.0,344585.41525995947,0.20833333333333334,5.093750200806762,16.40245169831587,12.12579092202611,12.750100180534426,1,1
KERNOHAN,43,59,1.372093023255814,1287055.0,29931.511627906977,40859.097222222226,1167.0,317188.5175664096,0.4418604651162791,4.0943445622221,14.067867997675155,10.306700514061882,12.667254721432617,1,1
KESWICK,84,3680,43.80952380952381,796107422.0,9477469.30952381,275456.61611094524,3635.0,610184.8693259972,0.0,8.210939733379021,20.49524468822084,16.064427993634805,13.321518893549825,4,3
KILDARE,52,81,1.5576923076923077,10672267.0,205235.90384615384,190029.95736434107,988.0,386071.8623481781,0.17307692307692307,4.406719247264253,16.18315915926601,12.231920219413727,12.863781393193605,1,1
KILKENNY,52,119,2.2884615384615383,7170003.0,137884.67307692306,138111.43253968254,1657.0,444579.0585395293,0.19230769230769232,4.787491742782046,15.785416770455702,11.834180164815722,13.004885426918673,1,1
KILLARNEY,66,151,2.287878787878788,10156732.0,153889.87878787878,97023.29716981133,978.0,465768.9161554192,0.19696969696969696,5.0238805208462765,16.133647393286566,11.943999050935314,13.051447049021235,1,1
KING EDWARD PARK,84,608,7.238095238095238,55455656.0,660186.380952381,200467.19486607143,2506.0,368438.5474860335,0.047619047619047616,6.411818267709897,17.831094286394674,13.40027898424155,12.817031926912387,0,0
KINGLET GARDENS,73,1025,14.04109589041096,190813876.0,2613888.712328767,243996.38727122583,1014.0,431162.7218934911,0.0273972602739726,6.933423025730715,19.066809044941685,14.77634998112427,12.974243162137487,0,0
KINISKI GARDENS,69,182,2.63768115942029,4617992.0,66927.42028985507,68384.9291005291,2238.0,397161.30473637173,0.34782608695652173,5.209486152841421,15.34547075308772,11.111378973393542,12.892100304173225,1,1
KINOKAMAU PLAINS AREA,56,94,1.6785714285714286,99672353.0,1779863.4464285714,904654.3789308177,123.0,6123565.040650407,0.05357142857142857,4.553876891600541,18.41739890460394,14.392047765676615,15.627655171173501,3,4
KIRKNESS,61,154,2.5245901639344264,19445679.0,318781.62295081967,154534.32613168724,1315.0,355507.60456273763,0.11475409836065574,5.043425116919247,16.78313549538995,12.672264716730101,12.78130473204711,0,0
KLARVATTEN,81,666,8.222222222222221,88351274.0,1090756.4691358025,133050.28989092275,2314.0,423576.92307692306,0.0,6.502790045915623,18.296831187865237,13.902382938668854,12.956492773969085,0,0
LA PERLE,58,115,1.9827586206896552,12555301.0,216470.7068965517,158454.45454545456,1667.0,358818.83623275347,0.43103448275862066,4.7535901911063645,16.345653604446213,12.285215133804181,12.79057569256826,1,1
LAGO LINDO,55,93,1.690909090909091,1621611.0,29483.836363636365,51257.56,1414.0,367117.04384724185,0.5454545454545454,4.543294782270004,14.298931274191215,10.291631388601886,12.81343872068026,1,1
LAMBTON INDUSTRIAL,25,28,1.12,21790540.0,871621.6,864581.6,37.0,3813175.6756756757,0.0,3.367295829986474,16.896986534515303,13.678111811041822,15.153973172850364,3,4
LANSDOWNE,56,104,1.8571428571428572,12876479.0,229937.125,283866.8712998713,405.0,710040.7407407408,0.3392857142857143,4.653960350157523,16.370912949363973,12.345565529973364,13.473079037065139,1,1
LARKSPUR,76,187,2.460526315789474,21220837.0,279221.5394736842,226623.27777777778,2554.0,354212.8034455756,0.21052631578947367,5.236441962829949,16.870494181416543,12.539764375385904,12.77765597433826,0,0
LAUDERDALE,75,202,2.6933333333333334,25605787.0,341410.49333333335,212798.03731343284,963.0,376535.30633437174,0.10666666666666667,5.313205979041787,17.05832897764445,12.74084375407556,12.83876975273989,0,0
LAUREL,84,2379,28.321428571428573,355470164.0,4231787.666666667,154207.82839526777,4450.0,546148.4269662921,0.0,7.77485576666552,19.688951879635116,15.258135314285353,13.210647893047101,4,3
LAURIER HEIGHTS,84,369,4.392857142857143,55003050.0,654798.2142857143,358575.9419047619,1087.0,818864.7654093836,0.10714285714285714,5.91350300563827,17.822899214385462,13.392083924548212,13.615675448802993,0,0
LEE RIDGE,45,70,1.5555555555555556,7543730.0,167638.44444444444,199084.74264705883,826.0,396142.85714285716,0.24444444444444444,4.2626798770413155,15.836227445183548,12.029570788053825,12.889532699881284,1,1
LEGER,49,87,1.7755102040816326,6156390.0,125640.61224489796,144799.359375,932.0,536280.042918455,0.3469387755102041,4.477336814478207,15.633001287193553,11.741188785828273,13.19241363644109,1,1
LENDRUM PLACE,74,177,2.391891891891892,38288122.0,517407.0540540541,361336.63666666666,694.0,578335.734870317,0.32432432432432434,5.181783550292085,17.460650301619907,13.156587115010387,13.267911564297835,1,1
LEWIS FARMS INDUSTRIAL,34,44,1.2941176470588236,14439351.0,424686.79411764705,372089.6896551724,102.0,959504.9019607843,0.14705882352941177,3.8066624897703196,16.485467815075765,12.959109575878111,13.774173745490478,3,4
LORELEI,52,90,1.7307692307692308,2674679.0,51436.13461538462,37474.12301587302,1352.0,337754.0680473373,0.19230769230769232,4.51085950651685,14.799340304988238,10.848115653926582,12.73007626103137,1,1
LYMBURN,59,106,1.7966101694915255,2233084.0,37848.8813559322,40304.67117117117,2100.0,345414.04761904763,0.3728813559322034,4.672828834461906,14.61889459548072,10.541383124275008,12.752502009521804,1,1
LYNNWOOD,67,130,1.9402985074626866,13335023.0,199030.19402985074,167059.08950617284,797.0,515057.7164366374,0.19402985074626866,4.875197323201151,16.40590451537166,12.201216845340866,13.152036185645267,1,1
MACEWAN,69,160,2.318840579710145,5775388.0,83701.27536231885,65473.416666666664,3068.0,290400.91264667537,0.2318840579710145,5.081404364984463,15.569116171410954,11.335021440843061,12.57902114815997,1,1
MACTAGGART,64,135,2.109375,106406201.0,1662596.890625,883474.5833333334,1896.0,504214.6624472574,0.109375,4.912654885736052,18.482774422646738,14.323891931357641,13.130759357210755,0,0
MAGRATH HEIGHTS,76,222,2.9210526315789473,146086983.0,1922197.144736842,1245749.462686567,1691.0,634365.4642223537,0.11842105263157894,5.407171771460119,18.799712783087596,14.468979956193893,13.360382085708725,0,0
MALMO PLAINS,75,208,2.7733333333333334,185149291.0,2468657.2133333334,1116221.810894661,901.0,472625.9711431743,0.26666666666666666,5.342334251964811,19.03667304139004,14.719185327531115,13.066061711812782,0,0
MAPLE,84,1230,14.642857142857142,362747509.0,4318422.726190476,471655.9661915821,1688.0,648812.5,0.0,7.115582126184454,19.709217585473446,15.278401015439398,13.382900589211747,0,0
MAPLE RIDGE,34,66,1.9411764705882353,224500.0,6602.941176470588,9150.0,853.0,128019.34349355217,0.5588235294117647,4.204692619390966,12.32163544049751,8.795421897742715,11.759944463816533,1,1
MAPLE RIDGE INDUSTRIAL,11,11,1.0,15817281.0,1437934.6363636365,1437934.6363636365,79.0,2671974.6835443038,0.0,2.4849066497880004,16.576613697704946,14.178719057126246,14.798328713127317,3,4
MARQUIS,44,574,13.045454545454545,114166006.0,2594681.9545454546,234132.95802423204,573.0,375390.05235602095,0.11363636363636363,6.354370040797351,18.55316414887956,14.768974891605742,12.835723567890502,0,0
MATT BERRY,55,94,1.709090909090909,3982674.0,72412.25454545455,66410.01709401711,1472.0,415603.9402173913,0.2909090909090909,4.553876891600541,15.197464262048241,11.190144635450084,12.937490425088898,1,1
MATTSON,26,252,9.692307692307692,54135795.0,2082145.9615384615,217509.0781278103,207.0,502589.3719806763,0.0,5.53338948872752,17.80700618859982,14.548910112379884,13.127530747482906,0,0
MAYFIELD,63,129,2.0476190476190474,6336053.0,100572.26984126984,90044.14074074074,894.0,311738.8143176734,0.2857142857142857,4.867534450455582,15.661766735167353,11.518641793998084,12.649924190410843,1,1
MAYLIEWAN,52,97,1.8653846153846154,1563501.0,30067.326923076922,36668.16666666667,1286.0,479458.78693623637,0.34615384615384615,4.584967478670572,14.262438735060538,10.311227635029155,13.080415305213693,1,1
MCARTHUR INDUSTRIAL,23,26,1.1304347826086956,14872819.0,646644.304347826,608863.3478260869,34.0,3183073.529411765,0.0,3.295836866004329,16.51504594403394,13.379553207312078,14.973358120822581,3,4
MCCAULEY,80,350,4.375,91227297.0,1140341.2125,486391.59007936507,1386.0,458524.531024531,0.025,5.860786223465865,18.328864730432652,13.946838961727263,13.035771252933237,0,0
MCCONACHIE,84,2350,27.976190476190474,378094192.0,4501121.333333333,208196.85870857825,4102.0,483351.048269137,0.0,7.762596048540069,19.750653910372417,15.3198373310511,13.088500545535862,4,3
MCINTYRE INDUSTRIAL,64,133,2.078125,34300976.0,535952.75,241588.96979166666,99.0,4765434.343434343,0.0,4.897839799950911,17.350684395695524,13.191803149016541,15.376899453632554,3,4
MCKERNAN,81,544,6.716049382716049,156024785.0,1926231.913580247,839326.2848765953,1005.0,766179.104477612,0.04938271604938271,6.300785794663244,18.865525437208372,14.471076795274849,13.549172544424486,0,0
MCLEOD,55,96,1.7454545454545454,3037585.0,55228.818181818184,64822.04385964912,901.0,379495.0055493896,0.3090909090909091,4.574710978503383,14.926573678987344,10.919258270871314,12.846599350200872,1,1
MCNAMARA INDUSTRIAL,63,115,1.8253968253968254,29053860.0,461172.38095238095,234299.04761904763,167.0,2305458.083832335,0.0,4.7535901911063645,17.184661941208574,13.041529348782433,14.650790383272254,3,4
MCQUEEN,63,145,2.3015873015873014,35312531.0,560516.3650793651,590547.012345679,518.0,567477.7992277992,0.14285714285714285,4.983606621708336,17.379748473065213,13.236615502422762,13.24895866945096,0,0
MEADOWLARK PARK,69,152,2.2028985507246377,20032984.0,290333.1014492754,174951.51121794872,1534.0,316186.1147327249,0.2463768115942029,5.030437921392435,16.812890722998972,12.578787612797733,12.6640894525563,1,1
MELTWATER,6,34,5.666666666666667,7793125.0,1298854.1666666667,231256.83275058275,32.0,1496515.625,0.3333333333333333,3.5553480614894135,15.86875262105121,14.076993793414012,14.218650715468112,1,1
MENISA,51,81,1.588235294117647,1551711.0,30425.70588235294,37297.683333333334,885.0,394355.3672316384,0.4117647058823529,4.406719247264253,14.254869395495303,10.323075984726119,12.88501026483916,1,1
MEYOKUMIN,52,86,1.6538461538461537,14189791.0,272880.5961538461,321426.6911764706,969.0,392675.95459236327,0.34615384615384615,4.465908118654584,16.468033390818785,12.516793266363921,12.880742554332672,1,1
MEYONOHK,40,65,1.625,1643564.0,41089.1,48094.666666666664,1124.0,291786.4768683274,0.425,4.189654742026425,14.312378221045746,10.623522495556655,12.583780997317543,1,1
MICHAELS PARK,49,80,1.6326530612244898,16720347.0,341231.5714285714,238877.05982905984,940.0,316280.8510638298,0.20408163265306123,4.394449154672439,16.632136978801363,12.740319551440264,12.664389028778809,1,1
MILL CREEK RAVINE NORTH,7,7,1.0,4800000.0,685714.2857142857,960000.0,8.0,921937.5,0.2857142857142857,2.0794415416798357,15.38412668421143,13.438217785155077,13.734233797494042,1,1
MILL CREEK RAVINE SOUTH,7,8,1.1428571428571428,5157182.0,736740.2857142857,433228.0714285714,14.0,652500.0,0.0,2.1972245773362196,15.455901058151019,13.509992072520877,13.38856795074486,3,4
MILL WOODS PARK,5,6,1.2,658829.0,131765.8,118265.8,5.0,8706700.0,0.0,1.9459101490553132,13.398220813589448,11.78878897250586,15.979603517035057,3,4
MILL WOODS TOWN CENTRE,36,51,1.4166666666666667,19661441.0,546151.1388888889,407993.4212962963,863.0,286098.49362688296,0.0,3.9512437185814275,16.794170016890796,13.21065285856703,12.564094909120113,0,0
MILLER,44,70,1.5909090909090908,12113713.0,275311.6590909091,192166.29032258064,1163.0,374661.6509028375,0.29545454545454547,4.2626798770413155,16.30984875719695,12.525662672968211,12.833781302479363,1,1
MINCHAU,57,113,1.9824561403508771,1502051.0,26351.77192982456,30066.16129032258,1021.0,382660.1371204701,0.45614035087719296,4.736198448394496,14.222342731212933,10.17932874501452,12.854905117055521,1,1
MISTATIM INDUSTRIAL,76,263,3.460526315789474,260564569.0,3428481.1710526315,1039553.4958333333,430.0,3422644.1860465114,0.0,5.575949103146316,19.378361257924897,15.047628205475048,15.045924256295837,3,4
MITCHELL INDUSTRIAL,39,52,1.3333333333333333,18118210.0,464569.4871794872,405652.3931623932,75.0,2423506.6666666665,0.0,3.970291913552122,16.712428123020587,13.048868574226054,14.700726497731376,3,4
MONTROSE,70,185,2.642857142857143,48159204.0,687988.6285714286,581047.9909774436,1349.0,334549.2957746479,0.18571428571428572,5.225746673713202,17.690022851353508,13.441529042051025,12.720542508307561,0,0
MORIN INDUSTRIAL,23,28,1.2173913043478262,30399668.0,1321724.6956521738,873164.2318840579,50.0,4091980.0,0.0,3.367295829986474,17.229942278159278,14.094448785921957,15.224539762836619,3,4
MORRIS INDUSTRIAL,19,23,1.2105263157894737,25330336.0,1333175.5789473683,705699.3684210526,74.0,2933770.2702702703,0.0,3.1780538303479458,17.04751332627151,14.103075057715182,14.89179927631973,3,4
NEWTON,67,126,1.8805970149253732,5942692.0,88696.89552238806,74803.27721088436,1207.0,313526.0977630489,0.26865671641791045,4.844187086458591,15.597672955602427,11.392991442225771,12.655641071565485,1,1
NORTH GLENORA,80,336,4.2,42177775.0,527222.1875,318305.44309523806,762.0,513045.9317585302,0.125,5.820082930352362,17.557404005214195,13.175379243562874,13.148122604877834,0,0
NORTHMOUNT,54,88,1.6296296296296295,6910676.0,127975.48148148147,104275.76422764227,1118.0,406516.9946332737,0.24074074074074073,4.48863636973214,15.748578164895514,11.759601787593855,12.915383474230763,1,1
NORWESTER INDUSTRIAL,38,49,1.2894736842105263,7969302.0,209718.47368421053,165495.42105263157,33.0,7137666.666666667,0.0,3.912023005428146,15.891107593993608,12.253526077071507,15.780896623622041,3,4
OGILVIE RIDGE,32,57,1.78125,14794278.0,462321.1875,201006.5,387.0,668399.2248062015,0.53125,4.060443010546419,16.50975110994901,13.044017302551671,13.412642412038151,1,1
OLESKIW,67,153,2.283582089552239,5228447.0,78036.5223880597,53905.38782051282,1116.0,831088.2616487455,0.22388059701492538,5.0369526024136295,15.469625042480265,11.264945046258438,13.630492482808801,1,1
OLIVER,17,22,1.2941176470588236,3412536.0,200737.41176470587,250817.0,1.0,500.0,0.5294117647058824,3.1354942159291497,15.042966560907415,12.20975790543406,6.2166061010848646,1,1
ORMSBY PLACE,66,120,1.8181818181818181,7620401.0,115460.62121212122,103224.25362318839,1788.0,373262.8635346756,0.30303030303030304,4.795790545596741,15.846339682176797,11.656693469847728,12.830040857470337,1,1
OTTEWELL,81,483,5.962962962962963,19115458.0,235993.3086419753,100477.19264069264,2462.0,482918.76523151906,0.04938271604938271,6.182084906716632,16.76600793737994,12.37156296779312,13.087605801302578,0,0
OVERLANDERS,27,30,1.1111111111111112,5445825.0,201697.22222222222,290750.0,490.0,557914.2857142857,0.3333333333333333,3.4339872044851463,15.510360001650342,12.214527909933317,13.231962412121637,1,1
OXFORD,55,100,1.8181818181818181,1272231.0,23131.47272727273,21909.80701754386,1631.0,386734.51870018395,0.3090909090909091,4.61512051684126,14.05628339618829,10.048992655143682,12.865496324166564,1,1
OZERNA,44,79,1.7954545454545454,490614.0,11150.318181818182,14459.535714285714,1458.0,436152.60631001374,0.5227272727272727,4.382026634673881,13.103414985145486,9.319312992485116,12.985749768335753,1,1
PAISLEY,84,813,9.678571428571429,124315739.0,1479949.2738095238,231627.68801386113,1079.0,501105.6533827618,0.047619047619047616,6.70196036600254,18.638335177587237,14.207519046398497,13.124574238414572,0,0
PAPASCHASE INDUSTRIAL,60,97,1.6166666666666667,29454276.0,490904.6,296642.26111111115,111.0,3503936.936936937,0.0,4.584967478670572,17.19834968671917,13.104007127599736,15.069398018820182,3,4
PARKALLEN,80,337,4.2125,23379534.0,292244.175,149150.13235294117,1035.0,473041.5458937198,0.15,5.823045895483019,16.967371625016572,12.585348369360558,13.066940612464247,0,0
PARKDALE,76,258,3.3947368421052633,31861006.0,419223.7631578947,200520.64303482586,1600.0,278898.75,0.11842105263157894,5.556828061699537,17.276893468977445,12.946162482662904,12.538607677236548,0,0
PARKVIEW,84,591,7.035714285714286,50072954.0,596106.5952380953,191706.84099511598,1482.0,801854.2510121458,0.07142857142857142,6.3835066348840055,17.728991599940343,13.29817645867708,13.594683385537008,0,0
PARSONS INDUSTRIAL,56,101,1.8035714285714286,34326174.0,612967.3928571428,268751.3988095238,310.0,2006629.0322580645,0.0,4.624972813284271,17.351418740642035,13.326068652181416,14.511967272100444,3,4
PATRICIA HEIGHTS,62,93,1.5,9573387.0,154409.46774193548,157227.94814814816,456.0,676153.5087719298,0.27419354838709675,4.543294782270004,16.074497723766292,11.94736971053081,13.424176892180581,1,1
PEMBINA,43,60,1.3953488372093024,22637449.0,526452.3023255814,413184.78875968984,1011.0,355995.0544015826,0.0,4.110873864173311,16.935116172446904,13.173917912084267,12.782674926631127,0,0
PLEASANTVIEW,83,439,5.289156626506024,46452312.0,559666.4096385542,172329.2704203691,1828.0,447401.80525164114,0.08433734939759036,6.0867747269123065,17.65393681746338,13.235097974916394,13.011214598138405,0,0
POLLARD MEADOWS,60,107,1.7833333333333334,12971340.0,216189.0,195684.0986394558,1394.0,342850.7890961263,0.18333333333333332,4.68213122712422,16.3782529433921,12.28391292964851,12.745053531004645,1,1
POTTER GREENS,42,78,1.8571428571428572,27172344.0,646960.5714285715,262336.1666666666,590.0,568195.7627118644,0.38095238095238093,4.3694478524670215,17.117710286106586,13.380042176709148,13.250223050941194,1,1
POUNDMAKER INDUSTRIAL,28,39,1.3928571428571428,24650951.0,880391.1071428572,755575.9880952381,29.0,2427051.724137931,0.0,3.6888794541139363,17.02032607839687,13.68812266351345,14.702188208468627,3,4
PRINCE CHARLES,80,307,3.8375,62238479.0,777980.9875,307291.86572286574,698.0,386759.3123209169,0.075,5.730099782973574,17.946484015942367,13.564458650578885,12.865560432128746,0,0
PRINCE RUPERT,67,159,2.373134328358209,14759900.0,220297.01492537314,113841.10789473685,592.0,599955.2364864865,0.14925373134328357,5.075173815233827,16.507424669797032,12.302736521970777,13.304611992348903,0,0
PYLYPOW INDUSTRIAL,64,128,2.0,73460443.0,1147819.421875,403101.91796875,272.0,3238417.279411765,0.0,4.859812404361672,18.112257642443165,13.953375416687527,14.9905955832005,3,4
QUARRY RIDGE,48,198,4.125,40786721.0,849723.3541666666,233874.08244533924,330.0,776721.2121212122,0.25,5.293304824724492,17.523867145230447,13.652667286657694,13.562838052069134,0,0
QUEEN ALEXANDRA,84,416,4.9523809523809526,139408557.0,1659625.6785714286,593896.913048856,2145.0,510957.34265734267,0.08333333333333333,6.0330862217988015,18.752919446084928,14.322103242613782,13.144043344644299,0,0
QUEEN MARY PARK,84,387,4.607142857142857,139749882.0,1663689.0714285714,426472.24024670105,3294.0,360750.1517911354,0.011904761904761904,5.961005339623274,18.75536483278983,14.324548627864548,12.795943669399241,0,0
QUESNELL HEIGHTS,22,29,1.3181818181818181,2804322.0,127469.18181818182,159507.9375,139.0,966356.1151079136,0.2727272727272727,3.4011973816621555,14.846672713084487,11.75563774813652,13.781288729254944,1,1
RAMPART INDUSTRIAL,29,35,1.206896551724138,32055351.0,1105356.9310344828,859170.816091954,79.0,3509367.088607595,0.0,3.58351893845611,17.282974716469393,13.915679759971619,15.070946547498663,3,4
RAMSAY HEIGHTS,67,141,2.1044776119402986,5107363.0,76229.29850746269,61028.059649122806,1228.0,493556.18892508146,0.14925373134328357,4.955827057601261,15.44619397781083,11.241514280853737,13.10939401548827,1,1
RHATIGAN RIDGE,76,180,2.3684210526315788,5515315.0,72569.93421052632,62013.43611111111,1152.0,686646.2673611111,0.21052631578947367,5.198497031265826,15.52303950730568,11.192319765422427,13.439576000282718,1,1
RICHFIELD,54,79,1.462962962962963,4297952.0,79591.70370370371,69898.74747474748,741.0,433514.17004048586,0.3888888888888889,4.382026634673881,15.273649420806048,11.284677705617483,12.979682068916826,1,1
RICHFORD,36,60,1.6666666666666667,13034811.0,362078.0833333333,353047.6111111111,675.0,357628.14814814815,0.25,4.110873864173311,16.38313418253764,12.799617929195284,12.787251829441097,1,1
RIDEAU PARK,46,72,1.565217391304348,6158510.0,133880.65217391305,122906.28632478633,757.0,437320.3434610304,0.15217391304347827,4.290459441148391,15.633345585511305,11.804711495956564,12.988423543575694,1,1
RIO TERRACE,63,158,2.507936507936508,11565828.0,183584.57142857142,165221.05315614617,519.0,656332.3699421965,0.31746031746031744,5.0689042022202315,16.263565532877188,12.120436167090055,13.394424124731003,1,1
RITCHIE,84,684,8.142857142857142,67309326.0,801301.5,179214.22002121038,2608.0,420841.0659509202,0.011904761904761904,6.529418838262226,18.024809373422574,13.593993807691408,12.950012902022712,0,0
RIVER VALLEY CAMERON,15,16,1.0666666666666667,15504731.0,1033648.7333333333,966982.0666666667,21.0,466261.90476190473,0.0,2.833213344056216,16.556655825620446,13.848606527467973,13.052504927330663,2,2
RIVER VALLEY CAPITOL HILL,4,4,1.0,687664.0,171916.0,171916.0,20.0,375825.0,0.0,1.6094379124341003,13.44105707972747,12.054767081187405,12.836881549305373,1,1
RIVER VALLEY FORT EDMONTON,23,27,1.173913043478261,28135645.0,1223288.9130434783,1130847.0454545454,14.0,1248357.142857143,0.043478260869565216,3.332204510175204,17.152547871310997,14.017054437307786,14.03733976018573,3,4
RIVER VALLEY GOLD BAR,16,19,1.1875,34972133.0,2185758.3125,2033558.78125,69.0,474224.6376811594,0.0,2.995732273553991,17.370062130912316,14.59747383758536,13.069438516274623,2,2
RIVER VALLEY HERMITAGE,1,2,2.0,439273.0,439273.0,219636.5,101.0,203168.31683168316,0.0,1.0986122886681098,12.992878643145213,12.992878643145213,12.22179498344076,1,1
RIVER VALLEY HIGHLANDS,5,8,1.6,2600000.0,520000.0,2600000.0,52.0,282346.1538461539,0.8,2.1972245773362196,14.77102238760702,13.161586013632684,12.55089263481697,2,2
RIVER VALLEY KINNAIRD,2,2,1.0,1740000.0,870000.0,870000.0,112.0,41116.07142857143,0.0,1.0986122886681098,14.36939624590319,13.676249640055394,10.624178677470484,2,2
RIVER VALLEY LAURIER,10,11,1.1,4835001.0,483500.1,466800.1,11.0,109090.90909090909,0.0,2.4849066497880004,15.391392100519912,13.088808868950457,11.599946008584512,1,1
RIVER VALLEY MAYFAIR,21,34,1.619047619047619,26546210.0,1264105.238095238,806496.0793650793,11.0,170227.27272727274,0.0,3.5553480614894135,17.09439758360351,14.04987589928299,12.044895596057218,2,2
RIVER VALLEY OLESKIW,1,1,1.0,1763.0,1763.0,1763.0,34.0,476250.0,0.0,0.6931471805599453,7.475339236566737,7.475339236566737,13.073700305158376,1,1
RIVER VALLEY RIVERSIDE,2,2,1.0,44400.0,22200.0,22200.0,6.0,226166.66666666666,0.0,1.0986122886681098,10.70101727068921,10.007892611890918,12.32903189109723,1,1
RIVER VALLEY RUNDLE,6,6,1.0,7072183.0,1178697.1666666667,1178697.1666666667,9.0,53000.0,0.0,1.9459101490553132,15.771679901060699,13.979921138827574,10.87806606028079,2,2
RIVER VALLEY TERWILLEGAR,2,2,1.0,15000.0,7500.0,15000.0,26.0,1078807.6923076923,0.5,1.0986122886681098,9.61587214452889,8.922791623969637,13.891367927600951,1,1
RIVER VALLEY VICTORIA,8,9,1.125,19894100.0,2486762.5,2460083.9375,22.0,41090.90909090909,0.0,2.302585092994046,16.80593381358922,14.726492623772419,10.623566522003062,2,2
RIVER VALLEY WALTERDALE,14,14,1.0,2208803.0,157771.64285714287,157771.64285714287,89.0,50292.13483146067,0.0,2.70805020110221,14.607961750534509,11.968910306439986,10.825623862308976,1,1
RIVER VALLEY WHITEMUD,9,11,1.2222222222222223,5949270.0,661030.0,588007.7222222222,15.0,203500.0,0.0,2.4849066497880004,15.598779249007098,13.401556016372544,12.223426197857627,1,1
RIVER'S EDGE,47,618,13.148936170212766,125574878.0,2671805.914893617,279803.42234346794,567.0,527584.6560846561,0.02127659574468085,6.428105272684596,18.648412784032327,14.798265548637508,13.176066512353097,0,0
RIVERDALE,69,179,2.5942028985507246,17877534.0,259094.69565217392,201570.84,1135.0,405016.2995594714,0.2753623188405797,5.19295685089021,16.699055454670916,12.4649527537228,12.911685060138076,1,1
RIVERVIEW AREA,28,32,1.1428571428571428,2395288.0,85546.0,140899.29411764705,186.0,837715.0537634408,0.39285714285714285,3.4965075614664802,14.689014449605803,11.356821211493314,13.638434484054537,1,1
ROPER INDUSTRIAL,70,167,2.3857142857142857,147560657.0,2108009.3857142855,772862.3723809524,167.0,5170299.401197605,0.0,5.123963979403259,18.809749889885843,14.561255115440687,15.458441349476988,3,4
ROSEDALE INDUSTRIAL,29,34,1.1724137931034482,4497201.0,155075.89655172414,102662.10344827586,96.0,1646854.1666666667,0.0,3.5553480614894135,15.318965983578803,11.951676379666415,14.314378067628594,3,4
ROSENTHAL,84,2047,24.36904761904762,592134317.0,7049218.05952381,334871.57386746886,2982.0,455869.04761904763,0.0,7.6246189861593985,20.199244055626487,15.768427396954063,13.029963064589506,4,3
ROSSDALE,45,69,1.5333333333333334,20262388.0,450275.2888888889,557843.1379310344,584.0,451568.4931506849,0.35555555555555557,4.248495242049359,16.824276966911125,13.017616648649419,13.020484556165144,1,1
ROSSLYN,60,124,2.066666666666667,6419872.0,106997.86666666667,86762.66993464052,1087.0,378886.84452621895,0.15,4.8283137373023015,15.674908893539016,11.580573521487636,12.844995515537269,1,1
ROYAL GARDENS,66,149,2.257575757575758,23562780.0,357011.8181818182,204549.32644110275,1185.0,362519.8312236287,0.13636363636363635,5.0106352940962555,16.975178948830834,12.785526965388396,12.800837217070285,0,0
RUNDLE HEIGHTS,48,79,1.6458333333333333,27285498.0,568447.875,834258.46875,1024.0,312622.0703125,0.3333333333333333,4.382026634673881,17.12186594687211,13.250666658489413,12.652753495629883,1,1
RURAL NORTH EAST HORSE HILL,8,11,1.375,3764000.0,470500.0,517888.8888888888,104.0,1874091.3461538462,0.625,2.4849066497880004,15.140993045362187,13.061553363403824,14.443635018129823,1,1
RURAL NORTH EAST SOUTH STURGEON,10,11,1.1,3373930.0,337393.0,843482.5,94.0,796957.4468085107,0.6,2.4849066497880004,15.031589091375084,12.729006665889056,13.588557819410047,1,1
RUTHERFORD,81,382,4.716049382716049,59220003.0,731111.1481481482,153176.473005148,5514.0,338833.6053681538,0.08641975308641975,5.948034989180646,17.896769948182467,13.50232214440399,12.73326737753619,0,0
SAKAW,62,110,1.7741935483870968,2457662.0,39639.709677419356,47323.34210526316,1241.0,416835.2135374698,0.3870967741935484,4.709530201312334,14.71472145637255,10.587611891346718,12.940448650333867,1,1
SATOO,54,107,1.9814814814814814,3977006.0,73648.25925925926,87602.74122807017,1238.0,352916.8012924071,0.2962962962962963,4.68213122712422,15.196040084308972,11.207069364260555,12.773990451271318,1,1
SCHONSEE,82,436,5.317073170731708,113539614.0,1384629.4390243902,258666.43682347893,2223.0,421074.44894287,0.036585365853658534,6.07993319509559,18.547662364825644,14.140943830968522,12.950567310248694,0,0
SECORD,84,2904,34.57142857142857,672514050.0,8006119.642857143,304895.33037371794,4004.0,520473.026973027,0.0,7.974188669286011,20.326533562902295,15.89571688747647,13.162495265644225,4,3
SHEFFIELD INDUSTRIAL,18,22,1.2222222222222223,4001978.0,222332.11111111112,213860.16666666666,95.0,1433278.9473684211,0.0,3.1354942159291497,15.202299546735736,12.311932036728901,14.17547604528,3,4
SHERBROOKE,66,129,1.9545454545454546,10884485.0,164916.4393939394,196158.975,968.0,309735.02066115703,0.3939393939393939,4.867534450455582,16.202849030589583,12.013200260347762,12.643475667435526,1,1
SHERWOOD,78,236,3.0256410256410255,34141561.0,437712.3205128205,290710.64919354836,505.0,394272.27722772275,0.20512820512820512,5.4680601411351315,17.346026027066603,12.989319455690143,12.884799544877499,0,0
SIFTON PARK,22,25,1.1363636363636365,5201976.0,236453.45454545456,336865.06666666665,428.0,468016.3551401869,0.3181818181818182,3.258096538021482,15.464549303604565,12.373510887164832,13.056260657845081,1,1
SILVER BERRY,81,263,3.246913580246914,48931906.0,604097.6049382716,316502.48793859646,2586.0,433485.30549110594,0.06172839506172839,5.575949103146316,17.70594023655039,13.311492716801656,12.979615484141124,0,0
SKYRATTLER,27,31,1.1481481481481481,3247063.0,120261.5925925926,100378.15,956.0,279846.7573221757,0.25925925925925924,3.4657359027997265,14.993261761392736,11.697432902589961,12.5420010104306,1,1
SOUTH EDMONTON COMMON,63,132,2.0952380952380953,58024260.0,921020.0,415296.33465608465,67.0,10508455.223880596,0.0,4.890349128221754,17.87637177415397,13.733238116280429,16.167690845659,3,4
SOUTH TERWILLEGAR,81,358,4.419753086419753,9195962.0,113530.3950617284,41817.21024831649,5144.0,285734.3506998445,0.1111111111111111,5.883322388488279,16.034275141368642,11.639834686127902,12.562821314200628,0,0
SPRUCE AVENUE,81,351,4.333333333333333,332616901.0,4106381.4938271604,2487659.6111814347,647.0,1547026.2751159195,0.024691358024691357,5.863631175598097,19.62250194123108,15.228053027075553,14.251845760373225,2,2
STARLING,83,441,5.313253012048193,75042059.0,904121.1927710844,342132.1366853867,919.0,521778.563656148,0.10843373493975904,6.091309882077698,18.13355931431103,13.71471979923437,13.165000485828005,0,0
STEINHAUER,64,110,1.71875,3386375.0,52912.109375,73553.29457364342,779.0,447907.57381258026,0.328125,4.709530201312334,15.035270880991519,10.876406401417718,13.012344414259514,1,1
STEWART GREENS,80,354,4.425,35495484.0,443693.55,110092.0475080475,466.0,553783.2618025751,0.1875,5.872117789475416,17.384916063258597,13.002891654217414,13.224530470757175,0,0
STILLWATER,81,829,10.234567901234568,196107087.0,2421075.1481481483,285137.93752352765,1130.0,406972.5663716814,0.04938271604938271,6.721425700790643,19.094171435337437,14.699722688605293,12.916503514825827,0,0
STONE INDUSTRIAL,36,53,1.4722222222222223,22764089.0,632335.8055555555,285768.02777777775,84.0,2796761.904761905,0.0,3.9889840465642745,16.9406948523083,13.357177451360306,14.843973200897835,3,4
STRATHCONA,84,661,7.869047619047619,106676435.0,1269957.5595238095,284121.40163569496,4358.0,415305.9889857733,0.023809523809523808,6.495265555937008,18.485310848396058,14.054494827606181,12.936773258241445,0,0
STRATHCONA INDUSTRIAL PARK,80,308,3.85,58706620.0,733832.75,209074.208528971,670.0,1367064.9253731344,0.0,5.733341276897746,17.888063072304696,13.506037783304361,14.128177340858622,0,0
STRATHCONA JUNCTION,54,93,1.7222222222222223,15334205.0,283966.75925925927,137535.6851851852,175.0,1717414.2857142857,0.0,4.543294782270004,16.545596577209253,12.556615986964033,14.356330977678342,3,4
STRATHEARN,78,319,4.089743589743589,80400039.0,1030769.7307692308,507311.5559895834,717.0,716839.6094839609,0.1794871794871795,5.768320995793772,18.202525231661507,13.845817362682425,13.48260879289406,0,0
SUDER GREENS,60,122,2.033333333333333,5848075.0,97467.91666666667,82394.23245614034,1311.0,423431.35011441645,0.36666666666666664,4.812184355372417,15.581623276223338,11.487288802738522,12.956149040324883,1,1
SUMMERLEA,83,428,5.156626506024097,159564701.0,1922466.2771084337,352368.8005917777,720.0,2237733.3333333335,0.0,6.061456918928017,18.887960053105772,14.469119959207159,14.620974453628724,0,0
SUMMERSIDE,84,1236,14.714285714285714,45223247.0,538371.9880952381,61602.25987613383,5418.0,557569.9520118125,0.0,7.1204443723924875,17.627121848860078,13.196306885354282,13.231345042401125,4,3
SUNWAPTA INDUSTRIAL,34,51,1.5,31710723.0,932668.3235294118,489038.9117647059,20.0,12146775.0,0.0,3.9512437185814275,17.27216547816811,13.745805994208819,16.31257434274511,3,4
SWEET GRASS,43,64,1.4883720930232558,1822143.0,42375.41860465116,63620.88461538462,1031.0,341975.2667313288,0.3953488372093023,4.174387269895637,14.415524387707556,10.654347321518294,12.74249661811433,1,1
TAMARACK,84,498,5.928571428571429,245372872.0,2921105.619047619,802015.4447321858,2097.0,590304.9594659037,0.0,6.212606095751519,19.31828954215858,14.88747308157591,13.288396256834103,0,0
TAWA,31,39,1.2580645161290323,6824263.0,220137.51612903227,173133.6379310345,1179.0,432793.46904156066,0.06451612903225806,3.6888794541139363,15.735995054392435,12.302012245976089,12.978018226953917,1,1
TERRA LOSA,43,82,1.9069767441860466,19639414.0,456730.5581395349,259635.52832438878,1887.0,256036.30100688923,0.0,4.418840607796598,16.793049074296263,13.031851097156986,12.453078419905617,0,0
TERRACE HEIGHTS,67,143,2.1343283582089554,15200468.0,226872.6567164179,118671.12999999999,723.0,505464.0387275242,0.1044776119402985,4.969813299576001,16.536836840603648,12.332148563174547,13.133234153285347,0,0
TERWILLEGAR TOWNE,77,242,3.142857142857143,13596811.0,176581.96103896105,101010.89015151515,2453.0,479967.7945373013,0.14285714285714285,5.493061443340548,16.42534591146284,12.081546079139086,13.08147636939012,0,0
THE HAMPTONS,82,582,7.097560975609756,43736816.0,533375.8048780488,172553.41940035272,4535.0,442257.1113561191,0.012195121951219513,6.368187186350492,17.593700799645898,13.186983404366552,12.999648952964337,0,0
THE ORCHARDS AT ELLERSLIE,84,3298,39.26190476190476,618113611.0,7358495.369047619,253708.72998113974,3676.0,506152.6115342764,0.0,8.101374671228582,20.2421828367135,15.811366172149697,13.134595482305752,4,3
THE UPLANDS,84,1780,21.19047619047619,374197230.0,4454728.928571428,239175.5139326098,1691.0,469741.57303370786,0.011904761904761904,7.484930283289661,19.740293571990673,15.309476994955498,13.059940106684962,4,3
THORNCLIFF,38,49,1.2894736842105263,4164318.0,109587.31578947368,162740.76,764.0,449710.0785340314,0.34210526315789475,3.912023005428146,15.242063314812453,11.604486040052764,13.01636060784346,1,1
TIPASKAN,42,57,1.3571428571428572,4234479.0,100820.92857142857,156133.8076923077,839.0,345228.84386174014,0.38095238095238093,4.060443010546419,15.258771092224832,11.52111115631132,12.751965688283404,1,1
TRUMPETER AREA,84,840,10.0,119529217.0,1422966.869047619,185614.39281994288,1215.0,516623.4567901235,0.011904761904761904,6.734591659972948,18.599071401542126,14.168255297089459,13.155071500354731,0,0
TWEDDLE PLACE,49,78,1.5918367346938775,2542971.0,51897.36734693877,64135.86363636364,779.0,445326.0590500642,0.32653061224489793,4.3694478524670215,14.74884403372626,10.857042610989405,13.00656425535193,1,1
TWIN BROOKS,78,228,2.923076923076923,22311856.0,286049.4358974359,175499.8527777778,2362.0,551703.4292972058,0.23076923076923078,5.43372200355424,16.920628799161715,12.563923423546015,13.220767727680725,0,0
UNIVERSITY OF ALBERTA,45,74,1.6444444444444444,114919371.0,2553763.8,1320974.255925926,47.0,67862904.25531915,0.0,4.31748811353631,18.559741327389357,14.7530792204961,18.03300012889021,3,4
UNIVERSITY OF ALBERTA FARM,19,22,1.1578947368421053,39226510.0,2064553.1578947369,1568894.0789473683,15.0,14433600.0,0.0,3.1354942159291497,17.48486337719262,14.540424856899412,16.485069449167295,3,4
VIRGINIA PARK,50,91,1.82,44775652.0,895513.04,975705.7546296295,222.0,782259.009009009,0.28,4.5217885770490405,17.61717508983597,13.705153178751958,13.569942456603005,1,1
WALKER,83,1602,19.301204819277107,207468206.0,2499616.939759036,140633.90879932058,5207.0,426054.7340119071,0.0,7.3796321526095525,19.150488666618646,14.73164845406325,12.962325447707743,4,3
WEBBER GREENS,77,285,3.7012987012987013,28442691.0,369385.5974025974,106963.57110177404,983.0,558217.7009155646,0.11688311688311688,5.655991810819852,17.16340181383468,12.819599064017051,13.232506101700825,0,0
WEDGEWOOD HEIGHTS,28,36,1.2857142857142858,2105850.0,75208.92857142857,98423.68421052632,545.0,697111.9266055046,0.32142857142857145,3.6109179126442243,14.560230218935725,11.228038530098265,13.45470269470452,1,1
WEINLOS,55,93,1.690909090909091,3761692.0,68394.4,56873.52032520326,1122.0,341188.5026737968,0.2545454545454545,4.543294782270004,15.140379679984227,11.133060849887173,12.74019332822309,1,1
WEIR INDUSTRIAL,43,61,1.4186046511627908,19461342.0,452589.3488372093,287027.24418604653,187.0,2458050.8021390373,0.0,4.127134385045092,16.78394064570156,13.022742688130112,14.714879643800217,3,4
WELLINGTON,65,129,1.9846153846153847,2295020.0,35308.0,34902.48148148148,1071.0,331808.59010270773,0.3076923076923077,4.867534450455582,14.646252551761716,10.471893167932329,12.712316559583924,1,1
WEST JASPER PLACE,81,392,4.839506172839506,55327930.0,683060.8641975309,260462.98740601505,885.0,518138.9830508475,0.06172839506172839,5.973809611869261,17.828788420356222,13.434340711607039,13.15800072228393,0,0
WEST MEADOWLARK PARK,56,108,1.9285714285714286,108166641.0,1931547.1607142857,1498487.1431159421,1080.0,596623.6111111111,0.17857142857142858,4.6913478822291435,18.49918357739714,14.473832395136553,13.29904340249338,2,2
WEST SHEFFIELD INDUSTRIAL,43,64,1.4883720930232558,5663662.0,131713.06976744186,87037.01550387597,136.0,1616474.2647058824,0.0,4.174387269895637,15.54958141399801,11.788388713972413,14.295758574271122,3,4
WESTMOUNT,84,966,11.5,225304936.0,2682201.619047619,354171.4077793238,3765.0,456214.20982735726,0.0,6.874198495453294,19.23296531816727,14.802148887713507,13.030719928538284,0,0
WESTRIDGE,51,86,1.6862745098039216,4998889.0,98017.43137254902,88353.4191919192,574.0,593810.1045296168,0.35294117647058826,4.465908118654584,15.424726445752727,11.492910815198872,13.294316541927806,1,1
WESTVIEW VILLAGE,34,50,1.4705882352941178,721320.0,21215.29411764706,28198.61111111111,1064.0,139477.44360902256,0.29411764705882354,3.9318256327243257,13.4888395321675,9.962524755900766,11.845665342202972,1,1
WESTWOOD,68,189,2.7794117647058822,29224747.0,429775.6911764706,273815.4360119048,832.0,446621.39423076925,0.17647058823529413,5.247024072160486,17.19052644253074,12.971021029929515,13.00946876095273,0,0
WHITE INDUSTRIAL,46,74,1.608695652173913,22537686.0,489949.6956521739,340597.4967391304,68.0,8817683.823529411,0.0,4.31748811353631,16.930699443741595,13.102060043906153,15.992269901862675,3,4
WHITEMUD CREEK RAVINE NORTH,1,1,1.0,18500.0,18500.0,18500.0,10.0,195900.0,0.0,0.6931471805599453,9.825580063659602,9.825580063659602,12.18536470856483,1,1
WHITEMUD CREEK RAVINE SOUTH,1,1,1.0,1360000.0,1360000.0,1360000.0,28.0,336821.4285714286,0.0,0.6931471805599453,14.122995993006082,14.122995993006082,12.727311152278656,2,2
WILD ROSE,72,214,2.9722222222222223,3312494.0,46006.86111111111,26374.66352201258,2689.0,425333.20937151357,0.2638888888888889,5.3706380281276624,15.013212239841513,10.736567554590371,12.960630513867535,1,1
WILSON INDUSTRIAL,37,48,1.2972972972972974,9963441.0,269282.1891891892,167859.06756756757,210.0,1985019.0476190476,0.0,3.8918202981106265,16.11443315219028,12.503518852748696,14.501139571608624,3,4
WINDERMERE,83,1249,15.048192771084338,221783356.0,2672088.626506024,232816.20568683257,6504.0,535798.0473554735,0.0,7.1308988302963465,19.217211593996662,14.798371355930175,13.19151445810576,4,3
WINDSOR PARK,79,324,4.10126582278481,107267027.0,1357810.4683544303,620684.8905092593,614.0,1259693.8110749186,0.08860759493670886,5.783825182329737,18.49083187240067,14.12138474709066,14.046380036156645,0,0
WINTERBURN INDUSTRIAL AREA EAST,51,77,1.5098039215686274,44719091.0,876844.9215686275,698872.9897959183,327.0,1566290.519877676,0.0392156862745098,4.356708826689592,17.615911082490495,13.684086567856227,14.264221293940928,3,4
WINTERBURN INDUSTRIAL AREA WEST,29,40,1.3793103448275863,13106059.0,451933.0689655172,408507.49404761905,165.0,1655554.5454545454,0.034482758620689655,3.713572066704308,16.38858527662695,13.021291583054479,14.319647187478187,3,4
WOODCROFT,71,201,2.8309859154929575,195599358.0,2754920.5352112674,1915818.3678160922,811.0,581518.4956843404,0.18309859154929578,5.308267697401205,19.091579038463507,14.828899519296511,13.273399776921142,2,2
WHKWNTWIN,83,583,7.024096385542169,425100747.0,5121695.746987952,795738.0918357413,12086.0,335967.19344696344,0.0,6.369900982828227,19.86783675291345,15.448996338012284,12.724771772104349,4,3
YELLOWHEAD CORRIDOR EAST,30,40,1.3333333333333333,20996978.0,699899.2666666667,598774.2666666667,184.0,1512470.108695652,0.0,3.713572066704308,16.859889128196407,13.458693127684368,14.229255367015869,3,4
YORK,55,80,1.4545454545454546,8294183.0,150803.32727272727,182354.4512195122,1189.0,391546.2573591253,0.2545454545454545,4.394449154672439,15.931065104254227,11.923738429586775,12.877861495580744,1,1
YOUNGSTOWN INDUSTRIAL,31,41,1.3225806451612903,23359035.0,753517.2580645161,669092.8451612903,57.0,3298605.263157895,0.0,3.7376696182833684,16.9664944479495,13.532508527763106,15.009010592726543,3,4
