y_true_assessed_value,y_pred_assessed_value
417499.99999999994,381719.73862513585
7500.0000000000055,39953.859108133416
826999.9999999995,340160.7313590885
112999.99999999993,119652.37831197734
303499.99999999977,333664.0401108164
170000.00000000012,80691.823175934
742999.9999999998,557660.7650065686
583999.9999999995,536717.6232749949
238000.0,313393.5044837695
356500.0000000003,410406.0101942082
2991999.9999999986,419649.1947710691
12999.999999999995,53382.91938658475
688000.0000000001,440431.1145191483
488999.9999999996,407087.87005373236
402000.0000000001,445761.4761474524
294500.0000000001,359860.773928028
127500.00000000001,150355.41209130685
594000.0000000005,493076.0846211211
332000.0,489559.02445577097
858500.0,947988.2350933427
205000.0,35834.52056939288
1055000.0000000007,748410.3238487926
215500.00000000017,85489.99582500703
361500.0000000002,342029.1130001786
329499.99999999994,373524.31354845135
170000.00000000012,110122.97379438303
379999.9999999999,493884.5224079545
1232999.9999999993,876750.6948834419
6999.999999999998,66227.19748262684
198500.00000000006,34489.38937520111
145999.99999999997,31990.594096361525
678999.9999999995,525485.4195877282
2000.0,446887.32051709824
706000.0000000001,661657.446507222
390500.0000000002,469084.4100739878
8500.000000000005,81863.8696067896
305999.9999999998,359860.773928028
425500.0000000002,535000.1455791045
527500.0000000003,483315.56748966756
1097000.0,765387.8173640281
293499.9999999998,384359.8148364948
1299999.9999999993,611137.0897111039
499.9999999999999,83896.86006469998
352500.0000000002,177394.5927068893
494499.9999999997,464653.4088036647
369499.9999999999,440509.86474386853
169499.99999999985,68908.76837599004
366999.9999999997,418191.1649496297
363500.0000000001,329027.3503014764
323000.0000000003,409039.4504043812
199000.0000000001,43021.21360901363
491000.0000000004,425974.1782526154
34000.0,90741.28627044693
267000.0,408578.51668481226
555500.0000000003,561463.3610215923
433499.99999999994,424503.69423242914
556000.0000000001,481130.8716653016
316500.00000000023,426200.91549700435
387999.9999999999,341811.0193392596
501500.00000000023,447319.52205720084
376000.0000000003,392936.53463473043
380999.99999999977,520306.44453575107
377500.0000000002,429038.50481916324
639999.9999999998,725138.5005551928
1160500.0000000002,1467640.03438433
233999.9999999999,330456.5852834973
515000.00000000006,494125.1560271636
9000.0,47446.71386721357
147499.99999999997,63840.38517207891
11999.999999999998,48971.445272176425
9500.000000000005,69181.32634151957
9500.000000000005,57456.50156834537
235999.9999999999,275568.08990817575
26652499.999999966,2832307.1776495725
4000.0000000000014,21445.182523288746
512499.9999999997,482621.30574637005
471999.9999999998,477605.32136794523
326000.0,229617.05738681252
455500.0000000003,516410.2767671577
140999.99999999994,51360.612865164956
484000.0000000002,413622.59425858187
460000.0000000002,500559.3308010471
231999.99999999997,356213.36304347124
1095000.0000000005,592337.0063630058
337999.99999999977,466922.89928943844
491000.0000000004,458786.7174324198
1548500.0000000005,928226.8908943322
17500.000000000015,59146.00215971676
775500.0,44874.998822441856
263000.0000000002,433145.33445700735
312999.9999999999,327352.81529431115
409999.9999999997,458839.7962402475
9500.000000000005,22182.990113822987
369000.0000000001,440893.3057015391
83000.0,95908.12319256019
208499.99999999983,391665.2258451403
106000.00000000001,157032.16224370588
761999.9999999999,726654.7267379499
583999.9999999995,546451.9443591842
2802999.999999999,798623.6798670369
658999.9999999997,512977.44968992384
139999.9999999999,97870.08884715356
9000.0,26962.57879967852
237499.99999999985,490887.5545726131
233500.00000000003,31343.411991345565
218999.9999999999,157128.68594414947
231500.00000000006,54151.61303897144
490499.99999999994,454764.2898894239
208499.99999999983,78053.4599270742
31999.999999999993,47396.84595838972
198500.00000000006,152307.998910045
499.9999999999999,11401.16182825529
747500.0000000003,752231.9649333424
163499.99999999988,185259.73517428388
46999.99999999999,49010.88584254215
411499.9999999999,404958.968311944
153999.99999999988,122037.20826228993
578000.0000000005,612709.067642114
535500.0000000001,612709.067642114
720500.0000000006,598379.6344440789
155499.9999999999,33041.91274157379
560000.0000000003,97269.13484495007
194000.00000000006,25056.676778655037
9500.000000000005,46675.12415241611
289999.9999999999,249080.43408961364
4190000.000000003,167094.40075989664
335499.9999999999,76609.97981851724
297500.0000000002,138817.29945033984
1387999.9999999993,666464.0494457956
668000.0000000002,536211.582361753
561500.0000000002,52529.554390994344
396999.9999999998,490585.1379280558
2267000.000000001,623206.4243173022
10000.00000000001,31137.036752156193
162000.00000000012,40238.11496341078
302000.00000000006,387819.73231333494
176500.00000000015,77478.6085327754
431500.0000000001,444352.32570090663
385500.0,363611.11368927686
443999.9999999997,425088.24787792366
7500.0000000000055,85633.27666549876
330500.00000000023,359860.773928028
761999.9999999999,568552.4347265557
120000.00000000004,80520.8450561842
657500.0000000003,520446.891069287
804999.9999999993,648490.2422147461
167000.0000000001,97204.51267995272
292500.0,229260.23974980984
11999.999999999998,123510.72453983863
421499.99999999965,402330.90513778775
561500.0000000002,625190.68947225
344499.9999999999,578105.4765756481
145000.00000000012,148336.44720130973
425500.0000000002,497461.7360536361
532999.9999999998,497400.1099438528
218999.9999999999,406567.6615584528
718000.0000000005,492557.2564606599
328000.0000000002,342029.1130001786
429000.00000000006,458664.14199967805
293499.9999999998,451402.6486352389
173499.99999999985,50694.470251068335
165499.99999999988,34920.01037579173
391500.00000000006,433145.33445700735
257000.00000000015,51749.54665126606
388500.0,431049.63523765
176000.00000000006,32753.803337118487
414000.00000000023,486368.629173663
549499.9999999995,483206.8854207388
202500.00000000012,250247.80384485013
9500.000000000005,73313.55843041514
486999.9999999998,481952.32531365345
165499.99999999988,31977.844084557768
587500.0000000002,574621.5914485464
11499.999999999998,40635.81648301298
355500.00000000006,405758.6168890026
127999.99999999997,95644.13095316602
639999.9999999998,707566.1411009849
736499.9999999999,514318.66947076906
726500.0,523066.21705939696
188000.00000000012,204164.57934830151
618500.0,521425.2585120244
392000.0,415332.0470486725
649000.0000000006,557271.5805083783
360000.0000000001,79751.8217843349
145500.0000000001,301480.5815073618
739999.9999999999,637822.1020131398
752499.9999999999,387843.6702357555
221999.99999999983,41731.58181695516
1469999.999999999,493128.33339661907
33499.99999999998,47396.84595838972
304000.00000000023,134908.24332514155
413000.00000000006,351880.96363550803
390999.99999999977,482419.03831733816
308000.0000000001,323040.76413090754
406499.9999999999,407116.7835084274
352000.0000000003,396264.3909409364
364999.99999999977,488582.8709903929
143500.0000000001,190864.7963051079
4499.999999999999,47668.73102175935
560500.0000000001,584982.8728080088
302500.0,51071.29833905603
624500.0000000002,478042.69475936866
409000.0000000001,449192.571835394
4499.999999999999,19772.58622288914
21999.999999999993,41828.80311122935
530499.9999999999,550882.5192537659
314000.0,332335.569596898
343500.0000000003,200369.8859262783
392500.0,554943.2924489051
548500.0000000001,532325.5572977844
311500.0000000001,359860.773928028
6500.000000000003,61409.68686937586
365500.0000000002,144289.43150863584
6500.000000000003,63840.38517207891
562000.0000000003,520446.891069287
435499.99999999994,451857.5886673985
339999.99999999994,377082.24446765624
564499.9999999998,460368.3230105083
193499.99999999985,164832.39414578307
360499.9999999998,400187.1186895745
457000.0000000003,422846.9184645839
291499.9999999999,264320.4090577095
718500.0000000006,454644.89906835486
321500.0000000001,489559.02445577097
140999.99999999994,119288.8823357589
202500.00000000012,204164.57934830151
759499.9999999994,520446.891069287
255499.99999999988,317796.72951548075
534999.9999999995,501011.79375403095
772999.9999999997,503282.2810109803
600999.9999999997,589888.1193250011
808500.0000000001,570317.8046473403
499.9999999999999,68574.18021802852
549999.9999999998,677196.9579042096
420500.0000000001,359251.3241630853
239000.00000000003,323040.76413090754
9500.000000000005,39127.77208952724
342000.0000000002,380212.86434860196
1362499.9999999993,944892.5490050474
162000.00000000012,37234.478173431315
262500.00000000023,79756.66550918274
832500.0000000005,100583.49574452176
42500.00000000003,177660.0456680176
7500.0000000000055,41731.58181695516
168500.0,147629.48253503809
299499.99999999977,382280.5480822626
267999.99999999977,433145.33445700735
387499.99999999977,105781.49707671544
298500.0000000001,141646.34143596696
463999.9999999998,486513.0269858462
243000.00000000003,148722.72104308405
385500.0,397329.4332901748
241000.00000000003,182844.71073832433
307499.99999999977,140901.21936348907
170000.00000000012,19465.312731973685
389000.00000000035,360997.686897335
343000.00000000006,466922.89928943844
261999.99999999994,301480.5815073618
156999.99999999994,164110.46413519408
303499.99999999977,330979.42648113146
148000.00000000015,168278.13456948352
449999.99999999994,412284.35548698367
397999.99999999977,91296.41099432
644000.0000000003,499186.97237781616
502999.9999999999,2247599.2646746524
4499.999999999999,24830.315850205672
8000.0000000000055,50534.700513705495
199000.0000000001,50534.700513705495
102000.00000000001,146756.7676536212
281999.99999999994,337188.7301134846
9000.0,38046.142009383904
1325999.9999999995,816980.5723079491
312000.0000000001,332777.2156431649
484499.9999999996,574975.6290408954
2098999.999999998,2195013.334285479
103500.00000000004,81431.1260871865
337500.00000000006,346371.89832078957
78500.00000000004,91911.32905031968
397499.99999999994,467770.6861211235
388500.0,395940.037337451
627500.0000000001,520276.9499017456
376000.0000000003,398819.8222283365
254000.0000000002,810457.2650534103
304999.99999999977,300654.0390471063
502999.9999999999,558660.5873514304
297999.9999999998,310863.8659833326
292500.0,88061.59367616409
444500.0000000001,532469.5614161823
423999.9999999998,497998.79790077504
530000.0000000003,520306.44453575107
568499.9999999998,500314.24750335474
433999.99999999965,536332.789360502
466499.99999999965,433729.9033757595
442999.99999999994,355951.31965553423
158499.99999999997,43773.891354719875
294999.9999999998,412608.3718135466
281500.0000000002,327700.0927267438
435000.0,441089.7749785289
2500.0000000000005,24830.315850205672
10500.000000000005,104091.9646008287
499.9999999999999,8398.435783015751
427000.00000000035,441500.5793889033
904500.0,46705.80108607623
368000.00000000023,366305.33913623507
359000.00000000023,1495108.099158609
499.9999999999999,9279.601564436898
365999.9999999997,26894.51704908874
95000.00000000001,140796.13044888256
466000.0,384592.051585804
382000.0000000002,429599.0848062552
378499.99999999965,451977.8670924747
165499.99999999988,40065.90202926783
286500.0000000001,305890.94695079
498500.00000000023,500559.3308010471
8742500.000000006,453585.7191663988
134500.00000000006,71720.61180048498
12500.0,65799.54527891257
570500.0000000001,767681.6156553307
193499.99999999985,81226.49885310074
689000.0000000006,591103.7494255428
610499.9999999997,682171.3777296718
170500.00000000012,108086.64094571817
312500.00000000023,482028.80409212963
200499.99999999988,329033.410099912
412000.0000000001,434718.7931320134
24499.99999999998,15010.768966812957
947500.0000000006,460494.99624062417
283500.0000000002,281118.4184862369
462500.00000000006,446454.48126891686
10000.00000000001,52337.83938894921
384499.9999999999,594250.5492918066
457999.99999999965,499439.03606106783
702999.9999999999,504769.5872253113
369999.99999999977,512137.0309219852
218499.99999999985,79756.66550918274
129500.00000000006,120956.70679065611
7500.0000000000055,25223.1149595544
2999.9999999999995,33781.43471785451
375500.0000000001,479970.8297904922
118999.99999999993,80691.823175934
522499.9999999996,498849.06701891695
90999.99999999991,49898.42741236178
383500.0000000002,341811.0193392596
271500.0000000002,347056.98294034397
738500.0000000002,525485.4195877282
555000.0000000002,568569.7486566406
200999.99999999997,31655.319031060226
427500.00000000035,418775.49602376856
155000.00000000012,39172.58000265514
566000.0000000005,438623.9523208177
299999.99999999977,32521.950889701206
417499.99999999994,373382.4947121831
541999.9999999995,493076.0846211211
192999.99999999985,212304.56779633035
342000.0000000002,440421.49592267495
2500.0000000000005,24830.315850205672
145000.00000000012,44457.289062074844
6500.000000000003,63840.38517207891
191499.99999999988,123035.63984174767
402999.9999999999,535000.1455791045
376500.0000000001,405287.5182083425
623500.0,545975.5735174016
484999.99999999965,516618.83370495535
1023000.0000000009,557107.9441785753
620999.9999999997,497044.6666725175
570500.0000000001,523822.4251411512
603500.0000000006,505514.93363298854
446999.9999999999,451153.0490494071
390500.0000000002,376829.3608073373
175000.00000000012,51360.612865164956
364499.9999999999,413647.37028718676
83000.0,85429.43262335002
508000.0,438969.79204213107
133999.9999999999,50336.8424907213
320499.9999999999,319525.156895427
466499.99999999965,507290.0939260362
175000.00000000012,240943.18987251987
895000.0000000007,654253.4678272434
544499.9999999998,582445.9913439114
517499.9999999998,422052.2817294066
530499.9999999999,55295.5676042829
9500.000000000005,39127.77208952724
737000.0000000002,607277.1659838752
540000.0000000001,542610.906771766
432500.00000000035,447816.9849981709
20000.000000000015,68042.66391470698
443500.0000000002,484147.33943230275
247500.0000000002,152474.60891977686
2000.0,34342.87711404396
200499.99999999988,123128.67190814528
81499.99999999996,106303.10126564353
568000.0000000001,557737.3580862303
11999.999999999998,36771.661588871495
748500.0000000003,465907.28802708804
334500.0000000001,414086.8743250658
471000.0000000001,558027.276605791
291999.9999999998,412608.3718135466
422500.00000000035,381719.73862513585
487499.9999999996,439835.8590973534
118999.99999999993,126210.79253319521
208499.99999999983,38046.142009383904
6000.000000000005,36771.661588871495
1083499.999999999,889395.8075548718
450500.00000000023,174465.20349698098
210000.0,289905.8067061744
682000.0000000003,495915.98758444714
547500.0,534264.1680157082
167000.0000000001,25597.686288795143
850500.0000000003,749609.7576616264
199000.0000000001,134197.23479678287
10000.00000000001,30633.353566565853
148000.00000000015,97870.08884715356
334500.0000000001,398316.2480094698
258499.99999999977,341451.1257790371
144499.99999999994,43525.6360870381
8000.0000000000055,38044.39834141923
635999.9999999995,714565.4053068445
200999.99999999997,177388.08445370174
651499.9999999998,584588.6024452813
159999.99999999997,97166.75023120843
635500.0000000003,521425.2585120244
507499.9999999997,498224.8647102732
706000.0000000001,517200.4702967971
179500.00000000015,188088.02956796729
75000.00000000004,101115.38333206784
304999.99999999977,298038.1722572585
633999.9999999994,708634.0044037033
756000.0,485813.8337501198
556000.0000000001,721214.7884024199
258000.00000000015,29223.058802786265
212500.00000000017,82609.27502310208
135500.00000000003,212073.29161583242
217999.99999999988,171738.30653806208
338500.0000000002,369201.32305173005
6999.999999999998,34418.60602199862
150000.00000000006,30026.603065980406
112000.00000000004,80038.58443616872
238499.99999999985,333716.4501455173
333499.9999999997,441890.2986961578
166499.99999999997,24974.23170362211
345500.00000000023,319828.54267250706
409999.9999999997,491288.1273410888
6999.999999999998,18822.780627543645
122499.99999999996,21127.60629466159
619000.0000000003,449549.86299957463
625000.0000000002,487891.03559075575
331500.00000000023,380212.86434860196
6000.000000000005,40828.00450408018
120000.00000000004,107073.38148894439
1484500.0,86924.347223627
719999.9999999995,637822.1020131398
252000.0000000001,116506.91405446103
314500.0000000001,392265.16970743873
420500.0000000001,404620.6505194991
259000.0,734061.5941288049
278499.9999999999,329749.52709026245
145500.0000000001,101608.48100518715
425000.0000000002,570703.787234727
468000.0000000003,413225.1809898289
515999.9999999997,463587.2459722362
314500.0000000001,407254.31322123564
702000.0000000003,694902.341671284
329000.0000000003,348831.7566989558
398500.00000000023,558237.4069804556
2999.9999999999995,34170.68454252795
457000.0000000003,537425.6047329189
1330999.9999999995,833348.1806356143
157999.99999999997,110655.79559035206
577500.0000000001,461832.07656609593
404500.00000000035,332069.8884134249
649999.9999999995,686468.7921862177
6000.000000000005,36257.42364371105
308500.00000000006,441802.86647248885
544999.9999999997,322335.02838452114
7580000.0,105727.23878944377
440499.99999999977,61314.92377208164
260499.99999999983,273108.1166294374
400999.99999999994,326017.5916631198
407499.9999999997,169418.47198299944
169499.99999999985,65799.54527891257
173999.99999999997,38092.982839864555
669999.9999999998,534576.0564921595
373999.99999999977,448199.4116992805
580999.9999999998,544722.394429844
463999.9999999998,487429.0213970629
458999.99999999977,443090.39422945055
370500.0,474013.67179481796
463999.9999999998,421569.5846669697
556000.0000000001,555099.0487359478
463999.9999999998,461841.81450118823
397499.99999999994,519570.26463528187
377999.99999999994,487039.4486075518
574500.0000000003,723520.8097145525
625499.9999999999,588163.8541456519
15500.00000000001,62654.57232211679
64999.999999999956,67082.30587098937
138000.00000000006,39172.58000265514
503500.00000000023,578384.4552023772
764000.0000000006,849821.027746597
333499.9999999997,406686.39539300883
287999.9999999999,320111.4843889518
10999.999999999993,87166.42156918523
531500.0000000005,140285.59909911276
413000.00000000006,400017.54891592945
310500.00000000006,388453.3895596786
364499.9999999999,359013.6933418335
144000.0,59092.371617312696
111000.00000000004,158582.45036709262
311500.0000000001,324733.0520748641
1280500.0000000005,765353.92375794
392000.0,441500.5793889033
671500.0000000001,548421.8115923948
176000.00000000006,237881.58664609533
432000.0000000001,460368.3230105083
6000.000000000005,43525.6360870381
886499.9999999994,466316.3965924249
309500.0000000002,492161.8630699761
6999.999999999998,24402.010888521614
2999.9999999999995,52120.55757920537
9000.0,24974.23170362211
10500.000000000005,44056.68566344304
321999.99999999994,335140.620503376
319499.99999999994,323963.64581785456
359000.00000000023,94122.56214773394
396500.00000000035,364939.957888167
462500.00000000006,442882.7157903379
624000.0000000006,448428.601934777
181500.00000000006,61478.965718626176
92000.00000000007,112078.90711183325
578499.9999999998,72505.3312090744
597499.9999999998,486566.36558480095
777000.0,604786.7125099052
897999.9999999995,1286366.1695529493
336500.0000000001,416230.95567343873
448499.99999999994,464253.4623898507
257000.00000000015,319525.156895427
698999.9999999995,520000.13720516284
390500.0000000002,421436.536845282
513000.00000000006,334062.0073825724
506000.00000000023,503724.99811288435
395500.0,452394.8625134923
1589500.000000001,236869.50299375568
444999.9999999997,666464.0494457956
385999.99999999977,478754.3026330321
570500.0000000001,543933.8824528008
683499.9999999999,517435.83449391305
467499.9999999996,510532.0911874454
600500.0000000005,105809.30086971645
313500.00000000006,497786.7347672553
108499.99999999999,120883.82764957414
312500.00000000023,321968.23362255405
474499.9999999999,445140.64498528396
294000.0000000001,383315.3926825964
430499.99999999994,403150.3982063113
9500.000000000005,44056.68566344304
232500.00000000017,419887.47649153316
881000.0000000005,604379.931778952
402500.0000000002,480693.96946234326
297999.9999999998,29317.149848433255
1290000.0000000007,858666.4144764657
452000.0000000001,451420.3538980326
845500.0000000007,539595.861302864
677000.0000000002,686096.2384662459
277500.0000000001,443365.3626038365
14500.000000000004,89706.93898886106
10500.000000000005,36257.42364371105
474000.0000000003,433864.83103251277
461500.0000000003,476745.28135424684
450999.99999999965,488385.1973619317
423999.9999999998,414300.44320611574
834000.0,564676.328261808
338500.0000000002,384907.9205217413
124500.00000000003,87577.33666758097
599000.0,537856.3394997603
93500.00000000009,120955.09122830209
549499.9999999995,453949.64481445437
376000.0000000003,195470.01256053153
454499.9999999996,515571.96802578244
599499.9999999995,499646.4792294421
4499.999999999999,29223.058802786265
386999.99999999994,400547.06406681647
666499.9999999994,611152.0082404229
451500.00000000035,547648.1554928478
557499.9999999999,497096.3678551122
351500.0000000003,461936.34429859713
385500.0,426603.38267079217
221000.00000000006,51522.191110862754
12500.0,54266.67133136436
9500.000000000005,51284.662654273205
199499.99999999994,250247.80384485013
326000.0,426748.87386285706
339000.00000000023,86195.45515142592
457999.99999999965,443824.02658384223
183500.00000000006,190539.1455735348
177000.00000000006,184275.1736842563
504500.00000000035,431743.6499049366
156000.0,31990.594096361525
8000.0000000000055,50534.700513705495
2999.9999999999995,25223.1149595544
286500.0000000001,427127.50016740354
499999.99999999977,450772.83544576785
491000.0000000004,501481.34504980297
496999.9999999997,472238.5174085125
382000.0000000002,456298.34110183176
525000.0000000003,433864.83103251277
274499.99999999994,495324.23916099535
551500.0,499066.2523716661
185000.00000000006,45034.65464589916
299000.00000000006,342636.1128693068
678999.9999999995,457329.8834678871
1148499.9999999998,795235.4757149749
4499.999999999999,25970.14832935103
552000.0000000003,497917.40616254776
386999.99999999994,421436.536845282
261500.00000000012,442925.9843473798
4499.999999999999,24830.315850205672
280000.0,126967.57078787919
407000.0000000001,512094.74458529387
324499.9999999999,226328.38360876255
310000.0000000002,379904.96998602326
486499.99999999965,330326.41219975706
304999.99999999977,335397.15374213544
454499.9999999996,498224.8647102732
368000.00000000023,496437.4912048877
495500.00000000023,631599.0240349817
437499.9999999996,467126.761399245
170500.00000000012,64038.280222179696
260499.99999999983,61954.358633462485
543500.0,461518.84737353807
71500.00000000001,101036.59693507079
283500.0000000002,749609.7576616264
348999.99999999994,452394.8625134923
577500.0000000001,574975.6290408954
562000.0000000003,454625.7620569782
492499.99999999965,544915.5373702785
208999.99999999988,33578.018454986035
246499.9999999998,117712.81524960638
386999.99999999994,112472.32002708912
71999.99999999996,64502.95452471313
324499.9999999999,359860.773928028
525499.9999999999,463215.14557917457
301500.0000000002,296490.40826587926
343999.99999999977,411653.3633819703
324499.9999999999,463503.17362954293
172499.99999999985,38997.729774884814
463500.0000000001,461453.6414577928
373500.00000000006,510663.86870678846
272999.9999999998,326482.86468224035
354500.0,92699.76957196576
440000.0000000002,417000.127181874
11499.999999999998,30713.302194130243
802999.9999999998,1677870.1159363964
716000.0000000003,427646.288559659
495000.0000000004,330726.36398544564
386499.99999999994,479821.977925044
368000.00000000023,431049.63523765
259499.99999999985,340983.99924868846
202999.9999999999,63741.7294569516
406000.0,353848.63327932614
691000.0000000002,568055.736702636
129500.00000000006,131627.42363884306
592499.9999999997,637822.1020131398
7500.0000000000055,45580.43667018519
758499.9999999997,1671361.716861746
559499.9999999998,549357.9198936601
1412499.999999999,1616986.3145475588
162999.99999999988,23670.132850354763
339000.00000000023,51147.264903088006
399999.9999999999,484376.68235788867
502500.0000000003,430326.9379741905
337000.0,444352.32570090663
465500.0000000003,473671.7222019183
12999.999999999995,32753.803337118487
4000.0000000000014,19465.312731973685
491999.99999999965,344261.4760682138
7885500.000000006,152682.34640751663
394500.00000000006,346167.1138848687
273499.9999999999,151288.57038917253
893999.9999999998,513199.0077770864
18500.0,66905.24169512777
468999.9999999998,490104.6992412034
333499.9999999997,82935.7760959545
289999.9999999999,414873.9060112079
583500.0000000003,504669.1734537744
379999.9999999999,435813.06871435523
549000.0000000005,587875.3810815396
513499.99999999965,433145.33445700735
1045499.9999999992,751698.6674370274
396500.00000000035,479123.91099112376
448499.99999999994,530766.2111943046
308500.00000000006,441802.86647248885
630000.0000000006,529067.5802523576
95999.99999999996,55366.73453155838
418999.9999999998,424503.69423242914
289999.9999999999,341811.0193392596
441500.00000000035,452209.6157604274
259999.9999999998,97550.84853619758
482499.99999999977,439566.68337135186
437000.00000000023,514318.66947076906
418000.00000000023,459821.2705729507
590000.0000000003,518675.82949224365
384499.9999999999,374374.3492486818
247500.0000000002,453220.730651071
5041500.000000002,29427.186490734715
755000.0000000005,513685.0596100152
11999.999999999998,38336.52055220537
610000.0000000005,561314.5974163146
155000.00000000012,40635.81648301298
409999.9999999997,441089.7749785289
448000.0000000002,487580.78217943985
538500.0000000002,568055.736702636
95500.00000000001,84962.70700809362
213499.99999999994,179464.12297070347
12999.999999999995,52120.55757920537
166000.00000000003,109456.00053634783
9500.000000000005,35266.56369176329
173999.99999999997,388510.10710135684
340499.99999999994,478199.39254422224
531000.0000000003,471672.3079451171
153500.0,152006.72487708673
46499.999999999985,103492.34206325072
449500.0000000002,394815.4593532244
854999.9999999993,816605.2546045036
173499.99999999985,149897.9972150835
454000.0000000002,81804.60175627843
379500.0000000001,341811.0193392596
304999.99999999977,487774.2963117445
5500.000000000004,25054.17474636464
697500.0000000005,692516.2088716031
6823500.000000003,130025.87495589374
532500.0000000001,602706.1778396457
365999.9999999997,395879.24355988484
222499.99999999988,276292.0285671384
371000.00000000006,624387.0564609028
350499.9999999998,537512.824037707
176000.00000000006,18822.780627543645
391500.00000000006,513938.7006089578
106000.00000000001,94898.9193813186
568000.0000000001,487902.211999385
464500.00000000035,407805.395436589
1298999.999999999,854119.721341327
180500.0,134913.4421402739
394500.00000000006,407116.7835084274
395000.00000000035,408601.8242495472
537500.0000000003,487429.0213970629
340499.99999999994,106455.24792647248
568999.9999999995,80252.48322788237
160500.00000000003,34489.38937520111
656500.0000000002,504007.12934361305
557999.9999999995,323040.76413090754
60000.000000000015,109622.55228361649
314000.0,69181.32634151957
312000.0000000001,425974.1782526154
353499.9999999998,472018.05066767434
349499.99999999977,366947.61558622087
477499.9999999999,592613.953445476
188000.00000000012,124636.10060936799
228000.00000000003,468025.83035423706
949000.0000000002,493546.2824943396
443500.0000000002,505519.79549730057
725000.0000000006,517920.3378055834
389000.00000000035,510657.8332185435
457000.0000000003,460368.3230105083
280500.0,340983.99924868846
247500.0000000002,83140.37420716499
911499.9999999997,565611.641792767
582000.0000000003,528144.4701268635
297000.0000000002,288761.82680187345
497999.9999999996,66820.645104876
4000.0000000000014,21445.182523288746
14500.000000000004,61954.358633462485
619000.0000000003,1282398.385523422
314000.0,331100.2650523433
499.9999999999999,68342.69459001673
622999.9999999998,563746.6920939074
1499.9999999999998,2523.2033607578546
392500.0,375730.85707957833
473500.0000000003,455854.88565621525
73499.99999999997,127872.70101466666
535500.0000000001,507666.80771624536
823499.9999999995,677196.9579042096
332000.0,332242.07546899555
475500.00000000023,512131.16662080155
477499.9999999999,433962.77470129635
385500.0,448199.4116992805
165000.00000000015,151484.87180394412
221500.0000000002,178171.10965539626
367500.0000000003,537512.824037707
422000.00000000006,325772.5580709061
10500.000000000005,41360.22645114142
11499.999999999998,35972.542297084874
906500.0000000002,573327.7592028846
148499.99999999988,114369.14427223368
312999.9999999999,229349.54624499902
492499.99999999965,466922.89928943844
973999.9999999994,718765.7229739405
376000.0000000003,332472.78929669515
148499.99999999988,110640.42389085215
10500.000000000005,54214.71249553563
499999.99999999977,408410.90545485
1725500.0000000012,725933.3711980708
1179000.0,662945.3617097002
473500.0000000003,89704.25007574364
861000.0000000006,770327.9581292847
429500.00000000023,421436.536845282
413000.00000000006,517784.2218430028
4499.999999999999,19772.58622288914
2105999.9999999986,1724237.2064630277
835499.9999999997,634996.951828885
112999.99999999993,108059.50312793799
775999.9999999994,535196.7244421394
209499.9999999999,49863.52418691397
371500.0000000003,504147.3760456711
439000.0000000001,409973.5408562278
435999.99999999965,404668.45269547036
279499.9999999999,281245.5192274558
202000.0000000001,82609.27502310208
820000.0000000005,508382.65888918546
258499.99999999977,341451.1257790371
429000.00000000006,541334.2458547308
1551000.0,787945.8935815941
608500.0000000001,433145.33445700735
463500.0000000001,453719.1136413834
139999.9999999999,239958.12407620248
323000.0000000003,429038.50481916324
510499.9999999996,457329.8834678871
156000.0,1149097.949832197
1297500.0000000012,536335.4447863763
371500.0000000003,78892.94324826403
281000.0000000001,135974.9322471542
376000.0000000003,359251.3241630853
339999.99999999994,381719.73862513585
6500.000000000003,36706.33342571081
153999.99999999988,101496.52095866001
501999.9999999998,725933.3711980708
645500.0000000002,604379.931778952
545999.9999999999,770327.9581292847
463000.0000000004,483909.33574224747
312999.9999999999,436640.9765782893
416499.99999999977,506468.2782439399
126500.00000000006,69084.3591622109
315000.0000000002,321103.42062519427
12500.0,65799.54527891257
5513499.999999998,141170.9298201196
734499.9999999999,712224.2018005674
208000.00000000003,38046.142009383904
403500.0,396523.94644736813
12500.0,25970.14832935103
193499.99999999985,145267.45635885847
639000.0000000006,520671.179010756
435999.99999999965,463311.885719455
14500.000000000004,31825.63383905137
834999.9999999998,435035.2598451844
918500.0000000002,1861363.125381626
9000.0,36405.811666709
647999.9999999999,592526.5188699246
4000.0000000000014,21445.182523288746
164500.00000000012,43773.891354719875
457999.99999999965,435880.9182927532
330999.9999999998,500423.76363331696
319499.99999999994,342029.1130001786
7500.0000000000055,75829.74830602766
271999.9999999999,35266.56369176329
606999.9999999995,510663.86870678846
73000.00000000003,141876.2180463207
179500.00000000015,274887.30663141806
612000.0000000003,217190.94978630068
349499.99999999977,404668.45269547036
425000.0000000002,463055.40501128056
1083499.999999999,708327.4301562391
687000.0,474079.4669629309
380500.00000000035,585359.9778371953
2999.9999999999995,22182.990113822987
13500.000000000004,64038.280222179696
510499.9999999996,666001.8097413239
302000.00000000006,475667.2769415544
30499.99999999998,24589.0447248409
153999.99999999988,24830.315850205672
553499.9999999997,430506.6877805641
517999.9999999999,433145.33445700735
498500.00000000023,467611.3176890227
10000.00000000001,52337.83938894921
126500.00000000006,120956.70679065611
305999.9999999998,464517.1002920637
330999.9999999998,448199.4116992805
10999.999999999993,16151.501991777095
427500.00000000035,494310.011514709
480500.0000000003,486513.0269858462
587500.0000000002,575670.7661598474
159499.9999999999,19465.312731973685
14999.99999999999,49436.83591273575
418999.9999999998,459172.2343455855
221000.00000000006,112881.86239198876
394000.0000000002,534298.825820942
305999.9999999998,116997.79621934771
559499.9999999998,514903.0578882565
488499.9999999996,443907.9159428835
362000.0,393059.27576346457
156499.99999999985,150329.95320546709
351000.0000000001,400718.7772665329
133000.00000000012,91456.47169159376
651000.0000000001,554063.6301383745
533499.9999999997,550187.058200595
730500.0000000005,665345.195832495
396500.00000000035,520612.541758179
263000.0000000002,67234.98996967322
191499.99999999988,57352.337888377886
361000.0,425367.14283762267
4000.0000000000014,21445.182523288746
272999.9999999998,82980.44578110102
13500.000000000004,76443.82229966173
347000.00000000023,353803.84438446956
430000.00000000023,451861.0543675765
304999.99999999977,91584.47530622703
365500.0000000002,356213.36304347124
743999.9999999993,686096.2384662459
2458999.999999999,1092435.312066544
575000.0000000001,541142.3722851566
217999.99999999988,117153.85079458969
432000.0000000001,323963.64581785456
130499.99999999996,100499.5756722437
14500.000000000004,41185.72387069637
3219000.0,1195263.305375166
897999.9999999995,570317.8046473403
430499.99999999994,421692.0443605846
806999.9999999998,659159.4439042783
465500.0000000003,441500.5793889033
243000.00000000003,415565.3794298208
472500.00000000035,450821.74106877495
445999.9999999996,467126.761399245
151000.00000000006,25597.686288795143
300500.00000000006,449677.7160026056
334000.0000000002,329749.52709026245
513999.9999999996,478026.00560720474
463999.9999999998,394847.7599495017
255999.99999999985,283222.482732048
430499.99999999994,46959.02254821977
456500.0000000001,521491.86145142204
315999.99999999994,306731.2628704082
384499.9999999999,402330.90513778775
156499.99999999985,138950.73496335343
7500.0000000000055,54231.9632374865
328500.00000000006,301480.5815073618
6500.000000000003,32794.0139241335
4499.999999999999,19772.58622288914
248000.0000000002,304145.3058509475
219999.99999999983,199065.03750770752
84999.99999999996,138950.73496335343
349999.9999999997,398157.20830831275
385000.00000000023,415184.74878311635
10999.999999999993,35727.61309084679
10500.000000000005,51101.30026622674
199499.99999999994,49116.26386735053
1756999.9999999986,1315987.6665985428
445999.9999999996,140865.5882245881
365500.0000000002,316499.47037631576
112500.00000000004,120773.90806816226
289500.0000000002,475607.83489759226
440499.99999999977,410722.3843111567
407499.9999999997,514318.66947076906
554500.0,541142.3722851566
29999.99999999999,212862.91489454615
281000.0000000001,299366.8028118915
86500.00000000003,107743.54537593729
14500.000000000004,89706.93898886106
630500.0000000002,550224.1615031156
176000.00000000006,26962.57879967852
7500.0000000000055,25223.1149595544
458500.00000000035,481184.4227967975
501500.00000000023,413250.54716563364
762499.9999999997,460866.1642063
116499.99999999991,19465.312731973685
299000.00000000006,332172.81500548864
139999.9999999999,122922.97290369209
971500.0000000007,814981.7475440705
199499.99999999994,47054.22479277559
287499.9999999999,420044.03460139706
5032499.999999999,3201138.23202789
294500.0000000001,49436.83591273575
525000.0000000003,513657.90703806805
1293499.9999999988,634996.951828885
392500.0,531453.5792293387
426500.0,376163.3261844258
352500.0000000002,161368.85345403882
445999.9999999996,496437.4912048877
808000.0000000006,525847.0413957135
442999.99999999994,485418.7169098955
14500.000000000004,60723.772900273754
189500.0000000001,120955.09122830209
225000.00000000015,36405.811666709
445499.99999999977,487039.4486075518
600500.0000000005,415670.52513084584
261500.00000000012,158785.92361688576
5000.000000000003,52120.55757920537
487499.9999999996,458957.2855782497
171000.00000000012,128842.72796686285
8000.0000000000055,26894.51704908874
891999.9999999993,525824.0658709724
691000.0000000002,468020.4310928241
635999.9999999995,503992.98084373976
159499.9999999999,44457.289062074844
310500.00000000006,332792.24393519707
200499.99999999988,163618.25651644086
2500.0000000000005,24830.315850205672
405500.00000000006,409784.4761222127
606999.9999999995,523121.2754851678
424500.0000000003,505765.7865685367
371999.9999999998,410410.28641151567
379500.0000000001,429599.0848062552
48000.00000000004,10832.875813958284
378499.99999999965,451925.69937177893
433000.0000000001,505100.27372072503
680500.0000000005,576711.1110047816
8500.000000000005,85907.58938544511
578000.0000000005,490335.8009309286
5000.000000000003,37290.46204903402
2232999.9999999995,17816.94651354645
161000.00000000006,53883.936984354725
568999.9999999995,583456.1133382816
499499.99999999994,407663.62516423664
75500.00000000006,78716.28255677743
437499.9999999996,534264.1680157082
273499.9999999999,448641.9411926955
1027499.9999999999,765004.7496213958
685000.0000000005,507898.8464715199
360499.9999999998,488077.725389302
315500.00000000023,443907.9159428835
359000.00000000023,452459.67548214167
146999.99999999988,150329.95320546709
343999.99999999977,217810.85725402553
8000.0000000000055,72167.79663317151
822499.9999999994,463808.66254513635
468000.0000000003,233831.6184830778
17999.999999999993,59873.276329232205
118000.00000000009,47572.69646041902
516500.0000000004,568151.9665692543
297000.0000000002,426084.43196552905
223500.0,326625.20087876555
144499.99999999994,63840.38517207891
201499.99999999988,211104.1052875951
91500.00000000007,112300.95306866831
727999.9999999999,80490.59994790699
240499.99999999983,341811.0193392596
581499.9999999998,486368.34603371104
313500.00000000006,447224.77157983184
342000.0000000002,485418.7169098955
463999.9999999998,470744.1319861006
414000.00000000023,429686.35068887554
444999.9999999997,468604.0020730983
449999.99999999994,455621.2970527032
327500.0,403563.74815702095
2248500.0000000005,1301497.979741575
310500.00000000006,58489.633092717755
179500.00000000015,206909.7324197746
4000.0000000000014,25766.932825981195
484999.99999999965,518577.8724611899
10999.999999999993,23860.49616448241
247000.00000000006,404476.9505511984
548500.0000000001,478754.3026330321
474499.9999999999,363917.22053278895
337500.00000000006,403260.61199617555
270000.00000000006,107571.46518157466
739499.9999999994,526995.2069231939
563999.9999999997,677196.9579042096
351500.0000000003,360857.49588669697
532999.9999999998,433145.33445700735
589499.9999999999,616576.364774778
366500.0000000002,575279.3683323548
1005999.9999999992,602273.2407011862
430999.9999999997,431743.6499049366
331500.00000000023,339250.3720533869
438000.00000000035,447626.87422957877
348000.0000000002,37307.819215378346
163499.99999999988,80991.0030238944
243000.00000000003,347056.98294034397
315000.0000000002,363353.9648638511
332499.9999999998,532334.1880068604
480000.00000000006,494077.894402875
410999.9999999997,405779.64608650847
309000.00000000006,331747.5721769777
167499.99999999997,32055.430089591577
352500.0000000002,428759.5279734372
369000.0000000001,390756.3108929991
359500.0000000002,433145.33445700735
448499.99999999994,61409.68686937586
376000.0000000003,332081.7005263627
259499.99999999985,210596.86017190342
532999.9999999998,497739.99629578326
515999.9999999997,437954.8636417314
146500.00000000006,34418.60602199862
673999.9999999998,454625.7620569782
473500.0000000003,381481.8642882075
444999.9999999997,395433.9851897683
590499.9999999997,509258.8744222913
402000.0000000001,483206.8854207388
781000.0000000006,877408.8554993016
289500.0000000002,129161.26557197089
858999.9999999997,463311.885719455
354999.9999999998,100691.2469688422
741499.9999999998,802439.0285855309
507000.0000000003,568246.7428681821
323499.9999999998,172931.64613980975
501500.00000000023,529113.4875161381
339000.00000000023,461206.3527215466
499.9999999999999,49434.05468612212
75500.00000000006,115307.98000413955
197000.00000000015,46876.32526689559
400999.99999999994,493884.5224079545
432000.0000000001,512968.2738705372
353999.99999999977,433145.33445700735
310500.00000000006,463503.17362954293
573500.0000000002,529167.4992071199
192999.99999999985,36405.811666709
139000.00000000003,154246.76030402276
89000.00000000004,154225.9338839771
220500.00000000012,189420.51445263368
58499.99999999996,36199.51392217585
607500.0000000005,492546.7825092522
100499.99999999999,103573.4269407599
337000.0,365262.73986640526
17500.000000000015,59146.00215971676
416999.9999999998,529668.2187724634
488000.00000000035,523685.48355267494
297999.9999999998,412608.3718135466
448999.99999999994,542188.2481975419
422500.00000000035,466005.74039499165
12500.0,53306.79582870223
561500.0000000002,426767.3338646219
258499.99999999977,341451.1257790371
134999.99999999997,120019.45647085221
11999.999999999998,60911.77361377282
461500.0000000003,536717.6232749949
243000.00000000003,198096.86906426575
611000.0000000005,557748.5095067669
63999.99999999997,50683.545767994896
22500.000000000015,2671.483705408054
882999.9999999994,578105.4765756481
1534499.9999999988,900559.7863474394
704999.9999999995,421333.91213569185
180000.00000000003,102532.26486006357
944499.9999999994,707348.799493301
894499.9999999994,665657.8691701811
153500.0,25054.17474636464
14500.000000000004,37235.21339165681
357500.0000000001,164832.39414578307
40999.99999999999,82787.8556681564
438499.99999999965,499126.10161456355
490000.0,437525.5204347094
380500.00000000035,482621.30574637005
392000.0,405284.6671551582
350499.9999999998,384649.49478128174
493499.9999999999,409251.2790766781
548500.0000000001,522633.62583120243
233000.0000000001,30026.603065980406
420500.0000000001,498224.8647102732
422500.00000000035,349676.73089502007
247000.00000000006,181524.65212806984
199000.0000000001,57456.50156834537
713000.0000000003,490624.5656304667
157999.99999999997,189226.95670599098
478500.0000000003,486513.0269858462
142500.00000000012,164057.90576315927
391500.00000000006,381947.02935252205
470499.9999999997,593946.1555016756
484000.0000000002,433864.83103251277
67000.0,106787.55791693521
620500.0000000005,536717.6232749949
197500.0,49116.26386735053
643500.0000000003,591385.9069009473
576499.9999999999,104649.68772167631
341000.0000000002,632877.1502811976
549000.0000000005,505219.8297716746
551500.0,484579.5696844518
10500.000000000005,19772.58622288914
438000.00000000035,463057.5155288244
471999.9999999998,360857.49588669697
163999.99999999988,25597.686288795143
17999.999999999993,49116.26386735053
499.9999999999999,16072.454149821942
433999.99999999965,449108.2193815098
755499.9999999993,544722.394429844
539000.0000000001,462067.57539979316
481000.00000000035,485757.32083892555
481999.99999999994,474079.4669629309
339500.0000000001,422339.01697661873
580999.9999999998,466552.07816495025
660999.9999999995,657007.0258389869
1547000.0000000005,784786.7339070478
454499.9999999996,628978.9843781912
199499.99999999994,33652.24003637366
1054499.9999999998,415273.42511893465
396999.9999999998,483206.8854207388
466499.99999999965,565013.4764689287
5500.000000000004,91023.46784680168
362000.0,329749.52709026245
737500.0000000005,521641.3159066343
271000.0000000002,107082.64853043725
332999.99999999977,462179.244511343
208499.99999999983,175670.09640845918
381500.0000000002,408601.8242495472
495999.99999999994,412325.91879073594
484499.9999999996,436427.31296064524
3225500.0000000005,1351087.0675986924
358499.99999999977,550920.8679575035
291999.9999999998,475987.24041282426
312999.9999999999,319525.156895427
330999.9999999998,449805.19162425847
426500.0,419842.37961585616
392500.0,65663.7270651659
464500.00000000035,461453.6414577928
364499.9999999999,408890.58234508714
548500.0000000001,488636.4645604701
184499.99999999997,42078.25255428638
157500.00000000006,83812.86225601363
729000.0000000003,565611.641792767
269499.9999999999,118481.84643488907
424500.0000000003,315138.3338919371
567500.0000000002,102300.96866801733
16000.000000000002,266748.7624725222
10000.00000000001,32055.430089591577
537999.9999999998,400402.5902993936
4000.0000000000014,30633.353566565853
625999.9999999998,523619.86408349505
2999.9999999999995,31990.594096361525
501999.9999999998,450070.9980531959
416499.99999999977,532243.502666613
331500.00000000023,141646.34143596696
197000.00000000015,46876.32526689559
19500.0,61314.92377208164
755000.0000000005,583314.5013542824
373500.00000000006,421692.0443605846
566000.0000000005,163610.44312154365
423000.0,485306.7000114709
10500.000000000005,49396.41874544824
526000.0000000001,500738.4562346693
293499.9999999998,384359.8148364948
49500.0,76443.82229966173
509499.9999999998,637463.1401840235
115500.00000000009,105141.57563496273
691500.0,793914.2439007101
181000.00000000006,51360.612865164956
446500.00000000023,538242.9243527955
249500.0000000002,469411.00607663544
954499.9999999998,816605.2546045036
329499.99999999994,425367.14283762267
169000.00000000012,45034.65464589916
837999.9999999995,578877.4170067746
477499.9999999999,381110.9315774238
336500.0000000001,367844.0874974274
22500.000000000015,50683.545767994896
434499.9999999999,462850.08100295125
152999.9999999999,117041.1613117254
433000.0000000001,659584.297350373
84499.99999999994,78716.28255677743
382000.0000000002,103372.64602766748
406499.9999999999,462179.244511343
288999.9999999999,374757.9732271362
166000.00000000003,116556.32531190249
9500.000000000005,32947.74849055208
580999.9999999998,555653.0501646094
259999.9999999998,36257.42364371105
494000.0000000004,578384.4552023772
68499.99999999999,50703.88503778643
511499.99999999977,440453.9500865717
451500.00000000035,404063.7955895916
992999.9999999998,743698.1852434694
364000.00000000006,404448.51566669
620999.9999999997,548080.7237981132
931000.0000000007,1011986.9533803797
14999.99999999999,27423.277385350786
1034500.0000000006,570356.0273025582
9000.0,31343.411991345565
402500.0000000002,436553.59913415404
740499.9999999994,654253.4678272434
337999.99999999977,323040.76413090754
376999.99999999977,382241.4835520423
270000.00000000006,236869.50299375568
562500.0000000003,497786.7347672553
394500.00000000006,341811.0193392596
307499.99999999977,331100.2650523433
434499.9999999999,201067.07556151043
352000.0000000003,405862.8309257083
9500.000000000005,74355.69564525422
68499.99999999999,75466.3397572201
331500.00000000023,336637.6475869796
196000.0000000001,68342.69459001673
249999.9999999998,492161.8630699761
184000.00000000015,114681.01444096152
294500.0000000001,395628.65296983364
180000.00000000003,24830.315850205672
2085999.9999999995,13204.62998453656
650499.9999999998,549610.2666015716
464500.00000000035,447626.87422957877
5384000.000000001,1530790.3585722777
2999.9999999999995,68314.24630767704
84000.00000000003,94794.84458585457
261999.99999999994,177896.51778900455
392000.0,555891.7318704433
348499.9999999998,393831.43791065604
617000.0,676984.9362961176
357999.99999999977,406937.1689160481
1216999.9999999998,788982.2943847665
5000.000000000003,23670.132850354763
712500.0000000002,610850.2146700899
826999.9999999995,535000.1455791045
680000.0000000003,635862.0486090345
359000.00000000023,73071.25977101015
597499.9999999998,476548.559394653
433499.99999999994,452545.2290475849
274499.99999999994,425339.65834484075
5000.000000000003,30633.353566565853
383500.0000000002,478754.3026330321
8500.000000000005,70595.17467214214
605999.9999999994,546451.9443591842
179500.00000000015,50534.700513705495
477000.00000000006,461938.07119654905
277500.0000000001,317783.85158289835
180500.0,40466.296373802135
416000.0,507983.0140874303
111000.00000000004,72856.58137500484
108000.00000000001,155554.80628689984
433999.99999999965,515715.6525348637
427000.00000000035,182937.4956382413
367500.0000000003,392716.0522097372
390000.00000000035,423716.9771921556
5417999.999999998,1272210.0364844643
371500.0000000003,360247.48706860666
133500.00000000003,122117.80371173067
208499.99999999983,156588.07705275365
449500.0000000002,556662.794566365
208999.99999999988,34932.314279883205
114999.99999999991,94123.77659935293
3133500.0,738211.9076135072
696500.0000000005,551504.2326105151
253000.0000000001,283222.482732048
353999.99999999977,407116.7835084274
572499.9999999999,486513.0269858462
476500.0000000002,448128.23008434067
534999.9999999995,421692.0443605846
602000.0000000005,408423.81110095367
348499.9999999998,359251.3241630853
34000.0,75927.14672136515
752499.9999999999,135087.17359597597
839499.9999999997,434088.1332888324
218499.99999999985,79756.66550918274
1126000.0000000007,488827.77599659085
205000.0,99331.71735957859
571000.0,490104.6992412034
544999.9999999997,483277.841902096
7500.0000000000055,222739.75095721384
52499.99999999997,52477.40336455143
607999.9999999998,556544.5383603656
12999.999999999995,63965.94523314849
537500.0000000003,317783.85158289835
5500.000000000004,34932.314279883205
17500.000000000015,59146.00215971676
373999.99999999977,480693.96946234326
630000.0000000006,506018.77109115553
373500.00000000006,486987.94038941717
420000.0,426767.3338646219
336000.00000000006,479291.1301971657
381500.0000000002,46971.658152664626
137500.00000000012,131475.68682552315
509499.9999999998,770327.9581292847
12500.0,46499.771910346935
196499.99999999997,25056.676778655037
360499.9999999998,319525.156895427
569500.0000000002,576106.3913714109
208999.99999999988,274194.5200197215
523999.9999999997,500274.44812343037
520999.9999999996,443350.16677054745
376000.0000000003,520417.6844359229
413000.00000000006,494102.88513846
354999.9999999998,400187.1186895745
295500.0,54266.67133136436
523999.9999999997,530766.2111943046
660999.9999999995,486389.4672909046
753999.9999999997,490187.4112782646
334500.0000000001,380212.86434860196
3499.9999999999977,39172.58000265514
366500.0000000002,430813.97794000787
862999.9999999993,776746.7707592454
469999.9999999998,531884.6616600538
461999.9999999998,467083.2922955183
131999.9999999999,141001.75526179167
453499.99999999977,278566.907749918
387999.9999999999,390756.3108929991
4000.0000000000014,21445.182523288746
56499.99999999996,41828.80311122935
303499.99999999977,287882.19209956634
255499.99999999988,352308.8125498421
625999.9999999998,379541.2063034355
499.9999999999999,4027.1850995370214
472500.00000000035,619705.5534442918
157999.99999999997,23670.132850354763
570500.0000000001,490334.87038899405
363500.0000000001,515571.96802578244
385999.99999999977,344500.35596782697
382000.0000000002,452315.17798013915
192499.99999999997,36405.811666709
574500.0000000003,499439.03606106783
425500.0000000002,463984.0371762366
399500.00000000035,503935.8145288845
566500.0000000002,479123.91099112376
68499.99999999999,141876.2180463207
300500.00000000006,285764.22705498297
634999.9999999997,529646.1635176411
807500.0000000006,694902.341671284
343999.99999999977,321662.8181649255
439000.0000000001,431049.63523765
866000.0000000003,331859.5996955382
338500.0000000002,379030.6143309882
17999.999999999993,59873.276329232205
354999.9999999998,377176.396119399
380500.00000000035,372399.66315873706
3951500.0000000023,181944.8337052432
372999.9999999999,535000.1455791045
10000.00000000001,55366.73453155838
7500.0000000000055,51522.191110862754
167499.99999999997,21445.182523288746
416000.0,396101.501889682
13500.000000000004,119997.76852037029
1637000.000000001,520446.891069287
271000.0000000002,50683.545767994896
418500.00000000035,399728.99626343645
5500.000000000004,25054.17474636464
237000.00000000003,35040.9015383411
442499.9999999997,432571.1172593101
307499.99999999977,317541.4431438282
19500.0,231056.962158521
418500.00000000035,472647.9094187216
551500.0,520862.28276803164
327500.0,76609.97981851724
116499.99999999991,161693.43271430332
443500.0000000002,493076.0846211211
533999.9999999997,538849.6083203825
218999.9999999999,75829.74830602766
4182999.999999998,818753.3950612171
823499.9999999995,598615.3150177168
202500.00000000012,61954.358633462485
10500.000000000005,47313.741476457784
1067000.0,586123.7568221283
649999.9999999995,622341.6205104378
228500.00000000003,179464.12297070347
378499.99999999965,97669.98938319979
535500.0000000001,437737.4505220047
184000.00000000015,52622.95886787783
604000.0000000002,561374.6232322798
7500.0000000000055,52556.52569122283
784000.0000000002,667869.6294523338
444500.0000000001,507983.0140874303
127999.99999999997,122635.50296243634
571000.0,434151.7677682518
333499.9999999997,421989.8506027457
7500.0000000000055,30149.888638038312
333499.9999999997,324733.0520748641
270000.00000000006,426054.70107606484
145000.00000000012,58216.274162253496
604000.0000000002,535196.7244421394
519000.0,672019.5154036948
14500.000000000004,61954.358633462485
415500.00000000023,405779.64608650847
238499.99999999985,151611.51733875478
205999.99999999988,463043.56241830986
1138000.0000000002,583314.5013542824
38499.99999999997,13831.72109081434
582499.9999999999,466922.89928943844
686000.0,557177.7656094887
600500.0000000005,490745.8243144401
12500.0,47054.22479277559
385500.0,413441.6988922124
125999.99999999993,164057.90576315927
330500.00000000023,323309.17459473794
3012500.0,446262.9253864973
673999.9999999998,540972.6092694292
599499.9999999995,534264.1680157082
557999.9999999995,478866.9966670017
286500.0000000001,346167.1138848687
661499.9999999994,482554.19451536954
656500.0000000002,511216.9429504749
769499.9999999999,555072.3897694125
502500.0000000003,460698.94762624847
600999.9999999997,525691.2268763235
5500.000000000004,30026.603065980406
440499.99999999977,490624.5656304667
7500.0000000000055,40466.296373802135
495999.99999999994,96188.28892614179
427500.00000000035,70632.52569822088
65499.99999999995,41828.80311122935
444500.0000000001,489468.2469752716
499.9999999999999,200129.50684069813
345500.00000000023,374849.4589774382
153500.0,77130.23396015298
407499.9999999997,100794.58233210168
355999.99999999994,375981.7647041123
12999.999999999995,85277.61468676772
144000.0,25054.17474636464
409499.9999999997,409251.2790766781
567000.0000000005,322127.2301945942
332000.0,447224.77157983184
527500.0000000003,514537.5645238547
9000.0,33593.84859719788
624500.0000000002,560902.7250837098
198500.00000000006,25223.1149595544
10999.999999999993,51071.29833905603
779000.0000000001,734787.995083996
747000.0000000005,752994.1122976609
501999.9999999998,621713.0931337443
716499.9999999997,713194.5100150183
409999.9999999997,483206.8854207388
157999.99999999997,45034.65464589916
265500.0000000001,112708.85154123866
341499.99999999977,504769.5872253113
302500.0,494077.894402875
128500.00000000004,122922.97290369209
251500.00000000012,71516.713076496
336000.00000000006,464471.34911478753
407999.99999999965,430109.39016339503
128500.00000000004,127966.1250462888
457499.99999999994,501366.8950630667
410500.0000000001,441802.86647248885
613500.0,259479.63170692546
603500.0000000006,478431.48701126344
455500.0000000003,589865.1643029504
22500.000000000015,50683.545767994896
181000.00000000006,114681.01444096152
8000.0000000000055,96734.16480386307
155499.9999999999,185259.73517428388
483499.9999999998,512198.938350185
6500.000000000003,34170.68454252795
225999.9999999998,120504.01689837797
517999.9999999999,506992.50788164034
1599499.9999999993,16972.100093724486
545500.0000000001,568246.7428681821
145500.0000000001,200137.3136960401
393000.0000000002,479970.8297904922
5000.000000000003,30637.03806181754
706000.0000000001,663762.9865641785
5000.000000000003,46830.87492584105
659999.9999999995,686096.2384662459
357500.0000000001,51101.30026622674
390500.0000000002,449292.5380764764
290500.00000000006,448428.601934777
496500.0000000001,441726.77339303814
447500.0000000002,426767.3338646219
502999.9999999999,776640.5300066955
488999.9999999996,484376.68235788867
124999.9999999999,137104.87051944935
466999.99999999994,540267.3483744942
191499.99999999988,391124.03107271495
628999.9999999997,493128.33339661907
172999.9999999999,94898.9193813186
536500.0000000003,589985.0495381012
387999.9999999999,325843.11270939553
344999.9999999997,438523.05348155246
110500.00000000001,107824.35047722678
391500.00000000006,503260.38613104954
9000.0,53602.13949282288
352500.0000000002,359013.6933418335
292500.0,475281.6874573798
399999.9999999999,443574.3680274526
9000.0,36405.811666709
343000.00000000006,448199.4116992805
356500.0000000003,466717.64316733915
142000.0,93177.2795297516
12500.0,93311.95677002148
448499.99999999994,549357.9198936601
209499.9999999999,33041.91274157379
287000.0000000001,319525.156895427
483499.9999999998,731628.3160065635
606999.9999999995,498015.9294097997
463000.0000000004,514538.303626047
121500.00000000007,47313.741476457784
211499.99999999983,36706.33342571081
506500.0000000001,421333.2529106891
473500.0000000003,501534.1324221461
168500.0,102391.83812959338
430499.99999999994,498250.21699167206
4126500.0,177634.36721483374
387499.99999999977,394592.6807159151
486999.9999999998,552106.9931838628
342500.00000000023,447186.8826123417
706000.0000000001,55295.5676042829
380500.00000000035,467141.6689340486
197000.00000000015,172962.81998964562
92500.00000000007,97870.08884715356
182000.00000000003,164057.90576315927
408499.99999999994,454625.7620569782
1100499.9999999993,716966.9709766222
356999.99999999994,392229.53340488503
682999.9999999995,438969.79204213107
409999.9999999997,431743.6499049366
282499.99999999977,51071.29833905603
460499.9999999998,406705.68135106843
594500.0,564676.328261808
149000.0,32794.0139241335
477499.9999999999,487429.0213970629
177999.99999999994,30026.603065980406
724500.0000000003,565062.4013647529
93999.99999999997,94619.78834145295
145000.00000000012,127180.44860985427
450500.00000000023,438249.63759526704
373500.00000000006,377176.396119399
182500.00000000012,177388.08445370174
483499.9999999998,445632.1368536676
285500.0,77807.87992084782
571999.9999999999,516639.93650892266
559499.9999999998,525691.2268763235
671500.0000000001,573697.6942550107
104999.99999999997,120955.09122830209
62499.999999999956,114369.14427223368
750999.9999999995,514537.5645238547
568000.0000000001,513657.90703806805
399500.00000000035,551091.6608905874
829499.9999999998,539286.8551063313
6999.999999999998,34170.68454252795
351000.0000000001,333432.345265538
474000.0000000003,500017.54614555096
520999.9999999996,556738.7156408977
86000.00000000001,78289.90738319949
491000.0000000004,493524.1367087026
330999.9999999998,396404.04994901473
348499.9999999998,442925.9843473798
250499.9999999998,467611.3176890227
162000.00000000012,119333.98660622799
248499.99999999994,46876.32526689559
594999.9999999997,486513.0269858462
490499.99999999994,529572.6906245889
384499.9999999999,238095.54786430942
382000.0000000002,334790.66458085674
219500.00000000012,83047.67369959735
369000.0000000001,344517.32756388985
509000.0000000002,443783.42329457635
299999.99999999977,395103.54872074607
624500.0000000002,495928.02555750834
271999.9999999999,300695.66462579893
336000.00000000006,54125.19920372176
640500.0000000003,770327.9581292847
1640000.0000000002,263742.35911533755
220500.00000000012,77014.87028585517
196499.99999999997,279170.57597516925
505500.0000000004,584992.6585558907
6999.999999999998,30149.888638038312
305499.9999999999,216147.36097031555
197500.0,53301.880208195995
916000.0000000002,634346.0761716063
1665999.9999999998,69941.52422129891
438499.99999999965,322481.2542650312
731000.0000000006,478754.3026330321
63499.99999999998,125797.0380395124
469999.9999999998,454536.7020789383
527999.9999999999,421692.0443605846
386499.99999999994,349885.1451654565
503500.00000000023,467635.3136579875
633000.0000000003,673759.084930585
1138500.0000000002,858162.5248041654
106499.99999999996,80038.58443616872
539000.0000000001,503122.77078136
531000.0000000003,430051.3383028244
386499.99999999994,432550.04781838256
484499.9999999996,521425.2585120244
179500.00000000015,126020.50747488163
188999.99999999988,42016.806908464925
297500.0000000002,320111.4843889518
585000.0000000003,496195.6824897323
7500.0000000000055,46683.2342404251
3499.9999999999977,32947.74849055208
556000.0000000001,509548.8618016667
208000.00000000003,33041.91274157379
6999.999999999998,807647.2725425257
441000.00000000006,519570.26463528187
480000.00000000006,522537.23261535115
1152999.9999999998,513167.20083097933
201499.99999999988,103833.67784596019
291499.9999999999,399541.3737975177
624500.0000000002,563348.8731018215
188500.00000000003,34170.68454252795
691000.0000000002,669457.731357475
402000.0000000001,485757.32083892555
666000.0000000002,599869.0920179778
428000.00000000023,514897.4816922048
682000.0000000003,590682.9119170146
553000.0000000003,545957.3881913578
445499.99999999977,411572.12736328546
666499.9999999994,468725.15389146627
52499.99999999997,76443.82229966173
57500.00000000001,53397.9521583085
6000.000000000005,3526.459029276985
1099999.9999999998,759056.1412348791
152499.9999999999,24830.315850205672
438499.99999999965,443090.39422945055
271999.9999999999,30863.65410166276
445999.9999999996,509548.8618016667
752499.9999999999,548421.8115923948
341499.99999999977,401319.79826686846
509499.9999999998,514799.99528448336
671500.0000000001,486712.19495938753
584500.0000000001,666464.0494457956
443500.0000000002,430290.076545188
441000.00000000006,400547.06406681647
196499.99999999997,40238.11496341078
331500.00000000023,487774.2963117445
384000.00000000006,512977.44968992384
458500.00000000035,404542.4694678505
665500.0000000002,499186.97237781616
491000.0000000004,533743.9048780279
498500.00000000023,452459.67548214167
1102499.9999999998,139181.1985775559
472500.00000000035,425453.85943200125
739999.9999999999,587875.3810815396
522499.9999999996,435684.98710835166
532000.0000000002,802439.0285855309
294500.0000000001,140901.21936348907
478500.0000000003,513657.90703806805
173999.99999999997,101608.48100518715
555000.0000000002,497825.86888181104
393000.0000000002,420576.04639446776
84999.99999999996,90396.86433067123
235999.9999999999,182844.71073832433
546499.9999999998,422728.147564965
468499.99999999977,452394.8625134923
733999.9999999995,506049.11991295114
395000.00000000035,440339.63136143604
166499.99999999997,179464.12297070347
369999.99999999977,396571.6482946652
161499.99999999985,152962.88969557575
16000.000000000002,12705.407280848003
610000.0000000005,491186.99581211375
81000.00000000007,103167.67957728964
75000.00000000004,108244.3983348605
285500.0,283222.482732048
334000.0000000002,377082.24446765624
226499.99999999985,162604.11334072557
577000.0000000003,461832.07656609593
577500.0000000001,525691.2268763235
177000.00000000006,255118.9469564171
7500.0000000000055,48082.35721909489
544999.9999999997,472722.3689999623
332499.9999999998,112641.40709870175
1662500.0000000014,1023169.9999964368
288999.9999999999,893318.1870703398
354500.0,372048.350647653
152999.9999999999,117041.1613117254
668000.0000000002,549610.2666015716
265999.9999999998,423682.7266875062
562000.0000000003,478431.48701126344
10500.000000000005,19772.58622288914
620000.0000000005,490585.1379280558
258499.99999999977,71516.713076496
498999.9999999996,533070.837366688
555000.0000000002,555252.3873710454
662000.0,578384.4552023772
378499.99999999965,488385.1973619317
444999.9999999997,417233.7102698197
163499.99999999988,33593.84859719788
786499.9999999998,550187.058200595
12500.0,35972.542297084874
574500.0000000003,543737.1500919361
1247500.0000000002,1078741.763514114
172499.99999999985,66905.24169512777
8000.0000000000055,53359.82286334496
101499.99999999999,127538.72615575568
429500.00000000023,381481.8642882075
160500.00000000003,137025.86615391204
165499.99999999988,77478.6085327754
220500.00000000012,337203.7127600712
294999.9999999998,324733.0520748641
1653500.000000001,236869.50299375568
443999.9999999997,460698.94762624847
287999.9999999999,296490.40826587926
507000.0000000003,532467.00958872
542499.9999999998,490585.1379280558
577500.0000000001,550920.8679575035
276999.9999999998,38336.52055220537
338500.0000000002,395808.59093266324
463999.9999999998,436051.77136201086
170000.00000000012,102391.83812959338
688499.9999999997,558958.8296510044
590499.9999999997,555737.3393728768
533999.9999999997,568246.7428681821
384000.00000000006,530324.923759299
5500.000000000004,23860.49616448241
149000.0,275568.08990817575
289999.9999999999,408172.8152777845
371500.0000000003,444509.57328102924
190499.99999999997,151184.0097277798
308000.0000000001,323040.76413090754
461500.0000000003,500340.5741536015
134999.99999999997,104030.14950030997
389500.0000000003,537008.8275669471
309500.0000000002,303075.671988548
899500.0000000001,58075.891633543295
287999.9999999999,283222.482732048
287000.0000000001,448891.87224807433
527999.9999999999,510505.03646571824
619499.9999999998,591103.7494255428
397999.99999999977,523066.21705939696
83000.0,77091.94043686522
8000.0000000000055,30633.353566565853
364000.00000000006,419161.604534682
7500.0000000000055,39794.126079068876
1851999.999999999,20440.769471187865
459500.00000000023,512120.6945361067
265500.0000000001,51270.493538969386
899999.9999999995,463311.885719455
778499.9999999998,505919.3016663446
510999.9999999999,672019.5154036948
402500.0000000002,472774.6216608825
4000.0000000000014,21445.182523288746
412000.0000000001,435570.38897699595
188999.99999999988,201673.28614609252
65499.99999999995,100822.81748173367
573000.0000000001,708634.0044037033
179500.00000000015,59873.276329232205
607999.9999999998,514980.031118883
175500.0,18822.780627543645
448499.99999999994,440648.7031298808
358499.99999999977,360997.686897335
323499.9999999998,537983.091647917
19500.0,58461.36784470507
585500.0000000003,380458.2564247485
196499.99999999997,193153.09286184335
189999.9999999999,67234.98996967322
426000.0000000002,432414.8717624847
264000.00000000006,338351.5588851071
320499.9999999999,123880.11720752945
173999.99999999997,164832.39414578307
267000.0,408578.51668481226
104999.99999999997,85730.90538943879
8000.0000000000055,45034.65464589916
441000.00000000006,448428.601934777
1417000.0000000007,378330.7466218095
331500.00000000023,151131.26019222723
23999.99999999999,10569.599208692714
295999.99999999977,452364.12504538195
126999.99999999991,212073.29161583242
716499.9999999997,853505.1713299198
377999.99999999994,220635.8301350999
414499.99999999994,275568.08990817575
301000.00000000023,330979.42648113146
225500.0000000001,46863.67402233924
76999.99999999997,66701.55635552845
628500.0000000002,621680.6466329996
984500.0000000008,616091.3282017388
309000.00000000006,380212.86434860196
465500.0000000003,483160.39319395367
678999.9999999995,635862.0486090345
69499.99999999996,101036.59693507079
441500.00000000035,490527.342356854
420999.9999999998,61314.92377208164
295999.99999999977,332792.24393519707
485500.0000000004,483206.8854207388
337500.00000000006,404653.7681620148
133500.00000000003,164804.22838269622
1968000.0000000014,5050.855617455729
223500.0,49667.22254363655
10500.000000000005,19772.58622288914
396999.9999999998,400187.1186895745
339999.99999999994,392668.7604709242
499.9999999999999,21169.17499427457
399500.00000000035,397973.50178774237
302000.00000000006,32947.74849055208
519500.0000000003,421436.536845282
14500.000000000004,27749.819736135545
167000.0000000001,143496.43973103887
485500.0000000004,465768.6093082057
168500.0,147432.39816727978
191999.99999999997,211104.1052875951
518500.0,482621.30574637005
320499.9999999999,436640.9765782893
284500.00000000023,395504.7511967453
273999.99999999994,40120.42008556655
474000.0000000003,480693.96946234326
349999.9999999997,415184.74878311635
161000.00000000006,122922.97290369209
809000.0,772482.5923342803
152999.9999999999,119333.98660622799
185000.00000000006,198567.56676550486
378499.99999999965,348831.7566989558
515000.00000000006,413441.6988922124
254000.0000000002,317783.85158289835
152999.9999999999,63840.38517207891
602499.9999999994,599869.0920179778
574000.0000000001,87501.24354059168
567500.0000000002,514537.5645238547
316999.9999999999,403296.5425256663
526499.9999999999,497998.79790077504
407000.0000000001,435570.38897699595
600500.0000000005,545611.4826052649
138499.9999999999,179557.88004312076
291999.9999999998,475987.24041282426
824500.0,582524.9035862997
88500.0,97623.23244667858
677500.0000000002,499149.55451543885
162000.00000000012,31655.319031060226
716499.9999999997,520003.9615648974
752499.9999999999,570317.8046473403
400999.99999999994,466866.56633364916
124500.00000000003,100499.5756722437
334000.0000000002,353848.63327932614
402000.0000000001,549357.9198936601
496999.9999999997,507290.0939260362
263500.0,426767.3338646219
499.9999999999999,318064.04718242935
724500.0000000003,602887.9742786827
284000.00000000023,55996.12937772276
563499.9999999997,533894.3080415209
5500.000000000004,41360.22645114142
328000.0000000002,294073.15281958797
4391000.000000004,838884.6273091239
153500.0,40765.96666800377
2422000.000000002,10313591.144126704
474000.0000000003,482231.5201854934
93999.99999999997,75769.40882727073
456500.0000000001,433864.83103251277
67499.99999999996,60039.50493416187
379999.9999999999,72505.3312090744
588000.0,548559.5518828923
14999.99999999999,94718.52630548098
454499.9999999996,410406.0101942082
174499.99999999994,101094.16773345416
354500.0,584186.3283362117
3499.9999999999977,32947.74849055208
126999.99999999991,21445.182523288746
155000.00000000012,185259.73517428388
428499.9999999997,441500.5793889033
494000.0000000004,637822.1020131398
191999.99999999997,447929.4331605629
319499.99999999994,335446.3175126511
610499.9999999997,487891.03559075575
1702500.0000000007,731809.2676982936
846499.9999999993,911614.7782834849
454499.9999999996,403907.5447295926
4499.999999999999,32521.950889701206
452000.0000000001,477605.32136794523
205999.99999999988,244861.12622187188
76499.99999999996,152815.1404372779
445499.99999999977,508020.33316161943
380999.99999999977,369201.32305173005
390500.0000000002,64739.39005883979
405500.00000000006,389541.85200708196
160500.00000000003,101003.39884262152
425000.0000000002,433864.83103251277
351000.0000000001,330726.36398544564
433999.99999999965,151546.56663697233
6500.000000000003,32794.0139241335
541999.9999999995,486513.0269858462
442999.99999999994,36257.42364371105
613500.0,588647.2825050822
17999.999999999993,67367.3917437047
225500.0000000001,60771.33322225738
411499.9999999999,481719.26985448686
371500.0000000003,406450.9711928466
444999.9999999997,502209.389419217
558499.9999999999,419574.08709938324
344999.9999999997,332792.24393519707
371000.00000000006,426767.3338646219
461000.00000000023,463984.0371762366
82000.0,78716.28255677743
590000.0000000003,497998.79790077504
686000.0,543965.6431053273
188000.00000000012,150656.45175032198
173999.99999999997,85949.81753971182
844500.0000000006,555099.0487359478
218999.9999999999,75829.74830602766
1019499.9999999994,640544.4254626725
517499.9999999998,508827.74281842407
364999.99999999977,64823.403708118996
330500.00000000023,416492.4135407917
432000.0000000001,469040.76804406976
402500.0000000002,323040.76413090754
570500.0000000001,112804.34903173456
379999.9999999999,394077.4652952553
178499.99999999985,163299.036479848
422000.00000000006,422086.0645506079
368000.00000000023,333311.2469671032
276500.00000000006,473706.840140878
644000.0000000003,489046.85261174716
206999.99999999994,366087.2176235612
7162500.0,138054.3647223661
245499.99999999988,51071.29833905603
131999.9999999999,61478.965718626176
163499.99999999988,31524.864774010905
177500.00000000015,25056.676778655037
126999.99999999991,67880.28680977701
458500.00000000035,453496.84178783064
339000.00000000023,342029.1130001786
200999.99999999997,291387.2755095777
288999.9999999999,1101447.2615403342
303499.99999999977,473611.86724590196
461500.0000000003,416492.4135407917
446999.9999999999,578105.4765756481
90999.99999999991,121133.04883210752
344999.9999999997,329749.52709026245
17999.999999999993,69322.93177065703
714999.9999999995,491589.76908366976
304000.00000000023,338645.0074551543
430499.99999999994,466717.64316733915
305499.9999999999,46579.8889575074
477000.00000000006,500314.24750335474
